home,strength_diff,rest_diff,injury,weather_bad,home_win
0,1.1718924279856142,-0.6681430483277668,0,0,1
0,0.0062543695443331715,0.19337945192415906,0,0,0
1,1.4401084591006539,-1.3481770454274902,0,0,1
1,1.8309913860470657,0.015682236471624342,0,0,1
1,1.6594612922304497,1.9002684243109647,0,0,1
0,-0.4474306643221191,1.0230565552522393,0,0,0
0,1.5780073401451673,1.6435415091205292,0,1,1
0,1.5845233602210995,0.3911278769327262,0,0,1
0,-1.1287200543673572,1.167509822986446,0,0,0
0,-0.39501009404059373,-0.7239647304677874,0,0,0
1,1.1441421715565119,-0.6443402670219842,0,0,1
0,0.29699502499595737,-2.7391402061374728,0,0,0
0,1.0111046213533323,1.186145474042299,0,0,1
1,-0.9733771435489333,1.540323979819886,0,0,0
1,-2.5543926744447814,-0.5531772453472696,0,1,0
0,-0.36846139046816917,-0.25395170639723497,0,0,1
1,-0.748316279023813,-0.7538621136909615,0,0,0
0,2.3181096970020274,0.3826535514774916,0,1,1
0,-1.5434421057304375,1.1249325453032408,1,0,0
0,-0.17304530648181915,-1.742771973881041,0,0,0
1,1.4057161386552257,0.4094385306422523,0,0,1
0,-0.5031532384447277,-0.2766717717191454,0,0,0
0,-1.2931303911507273,0.11339439196668935,0,1,0
0,-0.1159277870943447,0.45899400167429094,0,0,0
1,2.4751294312956427,-0.18820243877282114,0,0,1
0,-0.07292695504382878,-0.10358685340578061,0,0,0
0,-2.9515047589331562,-0.2138751675546389,0,0,0
0,-0.8632483345937654,0.9703162017882814,0,0,0
0,-0.8102981051934308,0.41875996012749656,0,0,0
1,0.19994243583877058,0.22058353773736078,0,0,1
1,-1.4088292088667074,-1.2709517210922827,0,0,0
0,2.8258243842134063,-0.3785797432131542,0,0,1
0,-0.489854994094153,0.8986691603391742,0,0,1
0,-1.5631810881225268,0.037696573123922904,0,0,1
0,-0.23766499539569075,0.6595314695891383,0,1,0
0,-3.9805036888821,1.7665118003276337,0,1,0
1,-0.18355237217401163,1.0386060692088166,0,0,1
1,-1.4507064981722768,0.09315833769974234,0,0,0
1,-1.302611736706436,-0.5109891701957271,0,0,0
1,1.9659371407582418,-2.5535495960558983,0,0,0
1,1.4331797110844686,-0.16838492247285253,0,0,1
1,0.5806507193030745,-0.32601249581684916,0,0,1
0,0.40844011554635196,0.3903661943953757,0,0,1
1,-0.4534585676230108,-0.1539052269746876,0,0,1
0,-0.6561020579852268,-0.32038505943679435,0,1,0
0,-1.8408748757191802,-1.7793989305072206,0,0,0
1,-0.4608458358779849,-0.9399678291500665,0,0,0
0,1.0664225473575422,0.4766510408005575,0,0,1
0,0.6715130060813792,1.7159076311326944,0,0,0
1,-1.9182308392217131,-0.09752538374562343,0,0,0
0,-0.5010142952728396,0.3278110735741233,0,0,1
0,0.4820479352945837,0.9524781569528054,0,0,0
1,-0.018805511230702066,-0.8108939362002495,0,0,1
1,0.9154023176175325,0.36681404328544215,0,0,1
1,2.376870445969166,-0.7404901063321587,0,0,1
0,1.7505379788376962,0.8648244384910116,0,0,1
0,-0.3629966496779797,0.15140304795173262,0,0,0
1,-1.1836015565639417,0.2984518139814398,0,0,0
1,0.06870210240163865,-0.7825985974185891,0,0,0
1,0.7819552157548146,0.7070323596107849,0,0,0
0,-1.330072200013262,2.084712921231016,0,1,0
0,-0.048287188264420466,-1.0079116954282061,0,1,0
1,-1.4967998239349178,-0.3397590076475238,0,0,0
0,-1.0929848711481747,0.23160747416809183,0,0,0
1,0.5471634729945696,0.7864062119958165,0,0,1
0,1.938998686182405,-0.5595462852894689,0,1,1
1,2.366807036696095,-2.83303029014274,0,0,1
1,1.1378120600783284,1.359189494164025,0,0,1
1,-1.061112111052306,0.7605061195841427,0,0,0
0,-1.5713351568467164,-1.7429475304866653,0,0,0
1,-0.6040018790827568,-0.6075687917795559,0,0,0
1,0.30190584465975134,1.5681824295273261,0,0,1
0,-0.12448363007138918,1.447796418457866,0,0,1
1,1.36732794840841,0.9386400226789446,0,0,1
1,-2.002093208655394,-0.17611243395986265,0,0,0
1,1.1379753604022735,0.08298741881250997,0,0,1
1,-0.5287240815329702,-0.13092580512612648,0,0,0
0,-1.5028917876346841,1.1282397832688371,0,1,0
0,0.23120705221650184,-0.8758424064951101,0,0,1
0,-1.5373796497494812,-0.8057996548842047,0,0,0
1,-0.22019984669410922,1.0102745868360157,0,0,0
1,-0.24409417741736866,-0.044361455511561634,0,0,0
1,2.921748860875058,1.378467355453808,0,0,1
0,1.7779107348635907,-0.6715122069805457,0,0,1
0,-0.25795675340160407,-0.0547783603388251,0,0,1
1,0.7189553823296221,-0.9224129848439533,0,0,0
0,1.4235423153493851,0.007362681423567135,0,0,1
0,0.476531428477156,-1.478546936998799,0,0,0
1,-0.07651179474402542,-0.4876334209549628,0,1,1
0,-0.9392001013573893,-1.4362538649281178,0,0,0
0,-0.22966721525427966,0.6939232331912584,0,0,0
0,0.6681706309220609,0.7165893397596519,0,0,0
0,-1.3242602379207544,-1.730262730484345,0,0,0
1,0.8111709711830009,1.3338857455005728,0,0,1
0,-1.4312199405524262,2.497415126419854,1,0,0
0,-1.3877506615966586,0.04600638673634095,0,0,0
0,-0.3743603401766365,-0.6411142602246448,0,0,1
1,1.3329125052200448,2.8243305910030463,0,1,1
0,1.5588722226585252,-1.3189684983025107,0,0,1
1,-1.052476791400176,0.020106466869098387,0,0,0
0,-1.791780268147931,0.17962227263192343,0,0,1
0,0.48140623159215135,1.3451476204524146,0,1,0
0,0.5269485647479248,0.35973897512678843,0,1,1
1,-1.9277120536363883,-0.4986338957884514,0,0,0
1,1.0281261812013187,-0.9511843703879561,0,0,0
0,-1.238622096441425,-0.34182182024613555,0,0,0
1,2.786806635858399,-1.0069273609451441,0,0,1
1,-0.46381411277654405,0.04782531978468294,0,0,0
0,0.5861688664717486,-0.5641961798604865,0,0,1
1,-0.6776333468485102,-1.4940377932897506,0,0,0
0,-1.374657213184849,1.2551457883749038,0,1,0
1,0.13627903062307734,-0.4976725234290394,0,1,1
1,0.019311034545305306,-1.2681368049753126,0,0,1
1,3.465429568266759,-0.16825913448754154,0,0,1
1,-0.9331853102012482,0.06837156596765875,0,0,0
0,0.8147609088051976,-1.7464667255790336,0,0,0
1,0.19388814563477527,0.33164766712576277,0,0,0
0,-0.1743286630110198,-1.0471575686902646,0,0,0
0,3.705156473310331,1.7110288091907877,0,0,1
1,0.9429607952869432,0.5239605120767348,0,0,1
1,-1.621583474569869,-0.39989999010931637,0,0,0
1,-1.6939917426927629,-0.7451677703173502,0,0,0
0,1.4220546906704938,-0.10496770756362395,0,0,1
1,-1.1389602335840132,0.6127907415832897,0,0,0
1,0.5643912009882239,-0.02549412858519966,0,0,1
0,1.6433365106347686,-0.21715880713685662,0,0,1
0,0.1902764901781565,0.058370290817895645,0,0,1
0,-1.6806194242716441,-0.6038589312369547,0,0,0
0,-0.6157299503536029,-0.3432059268430377,0,0,1
1,-1.2216613798241336,-2.085792438905004,1,0,0
1,-1.98913916987586,0.9737262308523678,0,0,1
1,0.048946317112037424,0.2987977803217619,0,0,0
1,-1.7351649496929245,-0.7734558440334302,0,0,0
0,-0.11822170310619634,1.8987349813552388,0,0,0
1,-0.5653835232927795,0.08701648039238656,0,0,0
0,2.123536177914441,-1.036143571975197,0,0,1
1,-0.8851095875982238,0.8567374214704584,0,0,1
0,-1.8710816677008628,0.3980482165092625,0,0,0
1,2.0526242930235705,0.39457998548421935,0,0,1
0,0.2366609493184848,-0.4257556046515905,0,0,1
0,0.06269909336761267,0.4504957237780347,0,0,0
1,1.25625505242641,-0.26175829022109454,0,0,1
0,-1.7808248989316358,0.5559414516458422,0,0,0
1,-0.059319339376196045,-1.9049444540106388,0,0,1
0,0.48308504888322856,-0.4338734629791891,0,0,1
1,-0.7080405668247721,1.7221550978081948,0,0,0
0,0.3639532675984336,-0.7670674554003002,0,0,0
0,-0.4919595883040303,-0.6038382974931864,0,1,0
0,0.625196325765945,-0.4479613384499751,0,0,1
0,1.940173484387353,-1.2148061358886433,0,0,1
0,0.42634725477794777,-2.208280776228252,0,0,1
0,-1.3150219562310421,-0.23058639852361285,0,0,0
0,-0.7009112098744525,0.13585942408165688,0,0,1
0,0.0015527914423200673,-0.05250506853865217,0,0,0
1,1.5532372384712616,-0.14487856194788684,0,0,1
1,-0.09799000998689034,0.043040870850387644,0,0,1
0,2.2409708914686934,1.022841471550764,0,0,1
1,0.7915480176680216,-0.19044618592921678,0,0,1
1,-2.4729472922064173,-0.5740825770872696,0,0,0
0,0.09886254790870519,-0.2811254848880863,0,0,1
1,0.13677628670971054,0.5793467597567757,0,0,1
0,0.5405798253104471,1.4120268785432495,1,0,1
1,0.6603738305106189,-0.6281437391691783,0,1,1
0,-1.960831356872977,0.09893378702888371,0,0,0
1,-0.6171645573240517,0.3383574419359596,0,0,0
1,1.427875118764367,-0.9925780067288229,0,0,1
0,1.6329176712048281,0.02041716721291813,1,0,1
0,3.1543708415685634,-1.465673857342095,0,0,0
1,-0.011368256895889273,-1.7690503037393988,0,0,1
0,-1.2200945388038238,0.366746407892257,0,0,0
1,-1.8768489462146252,-0.3838747413307828,0,0,0
1,-0.7398592613229156,0.20228040762121913,0,0,0
1,0.24274581384073984,-0.017894977008350053,1,0,1
1,0.18939398256790313,-0.9764000486637974,0,0,1
1,1.111833700960042,-0.045254301964336476,0,0,1
1,-1.2623554726587496,-1.2331013050148552,0,0,0
0,1.6206629189959658,1.3909723580014006,0,0,1
0,1.2687934982615925,-1.3559703448599638,0,0,0
0,-2.2882630524675953,-0.19578527096858125,0,1,0
1,2.713369322029621,-1.0422715880472482,0,0,1
1,0.8157063827665006,0.5704211733607956,0,0,1
0,-0.49971213360585537,-0.33143137128150285,1,0,0
1,-0.8905008162987045,-0.5186667196212101,0,0,1
0,-0.8903760594333449,0.8532015450515544,0,0,0
0,1.988399126003656,0.029430591677552183,0,0,0
1,-0.8194332072042336,0.5166444459359673,0,0,0
0,1.8971947770236899,-0.9813259365174648,0,0,1
1,0.193823416577542,-1.404816943927507,0,0,0
0,-0.41754929776974314,0.10720796204013365,0,0,0
1,-2.1034004944565843,-0.3188463554947312,0,0,0
1,1.1516093998167265,0.6264346724539442,0,0,1
0,0.39422612824152947,-0.0799084526625497,0,0,1
1,-1.8102158791566485,0.20507533923462995,0,0,0
1,0.11743522588082245,-1.6233825299412439,0,0,1
0,-0.01652524175921366,1.8884369396142566,0,0,0
0,1.0472995575254458,-0.16424198503203188,0,0,1
1,-1.3097446423941688,0.697586970339199,0,1,0
0,0.13457732852977586,-0.8360916702196265,0,0,1
0,0.6996956274903094,0.3080099022173409,0,0,0
0,-1.630842582701697,-1.3028447635247453,0,0,0
0,-1.4465607494384598,0.452067838259671,0,0,1
1,0.751688318095533,-0.3559740843858328,0,0,1
0,0.3632933010270951,0.029190503935567446,0,0,0
0,2.3470750099060664,0.6979740301300975,0,0,1
0,-0.4212329911390823,-1.2325403112202802,0,0,1
0,-1.4102313177955001,-0.684491730612797,0,0,0
1,-0.9690807613273051,0.4573242810867655,0,0,1
0,0.15817260212654882,2.098221474546747,0,1,0
1,0.8281057168292021,-0.13808233466148176,0,1,1
0,3.853440085231367,0.5911361179239325,0,0,1
0,1.8212982446628845,-0.10697146985848006,0,0,1
1,0.5310503138252322,1.9422455947562995,0,0,1
0,0.07166870116979318,-1.7472216669652556,1,0,0
1,1.1034815841388783,0.094621044669358,0,0,1
1,0.15477290311915592,-1.625544033562061,0,1,1
0,0.4930909908412187,-2.5065715705367166,0,1,0
0,-0.3361054784969763,0.29746205311781687,0,0,0
1,-0.17068599211418642,0.13949779614745902,0,0,1
0,-2.585085336995619,-0.28483693774220137,1,0,0
0,0.3288998401323192,-0.10619409003975315,0,0,1
0,2.672998718694731,3.0982994340712575,0,0,1
0,-1.2197233869565889,-0.2581751380314344,0,0,0
1,-0.05793178112542319,0.5101243612500749,0,0,0
0,-1.4314916979715488,-0.6493648196138809,0,0,0
0,0.17744117253199249,0.29523257504060313,0,1,0
1,-0.23235343530564578,-0.23823367505561752,0,0,1
0,-1.3553229854181743,-0.41051848272973,0,0,1
0,-0.477321212190601,1.8188985322003248,0,0,0
1,1.151236242100648,1.177184963184339,0,0,1
0,-0.3279159409022463,0.13674664739923068,0,0,0
1,-0.0457368059571327,-2.304211935943967,0,0,0
1,-0.5741670095807938,-0.3610092232525697,0,1,0
0,2.0156756576156494,2.7030275644050836,0,0,1
1,-1.544197685905126,-0.23066166663970813,0,0,0
0,3.3551160186061066,1.1032175720536581,0,0,1
0,-0.09684509674851327,1.4419424019526008,0,0,0
1,-2.039415654494041,0.21896391585597508,0,0,0
1,1.1403937341660726,-0.8418216318681523,1,1,0
0,-0.2547501518416075,-2.4353123317828884,0,0,0
1,0.16611487783952317,0.6841632086089545,0,0,1
1,-0.8984151915479349,-0.8147560028235481,0,0,1
1,-0.6991494219393833,0.17615045188769213,0,0,1
1,-1.4714533055350283,-1.2498203395893641,0,0,0
0,2.429996805881173,-0.2652375404702022,0,0,1
0,-2.8175089820244,0.033719054901053244,0,0,0
1,-0.4388571733641613,0.26859358104429787,1,0,0
0,0.423838737162172,-1.1148221873524142,0,0,0
1,0.6769843931652779,1.1969109487613523,0,0,1
0,1.9545746310581305,-0.5968947847319712,0,1,1
0,-0.5166684009635039,-1.674469460453245,0,0,0
0,-1.133334833957511,-0.1090234199634638,0,1,0
1,-0.5932929831925714,0.03437530902646009,0,0,0
0,3.5733318870641924,0.16058943317175975,0,0,1
1,1.0445542083972015,1.362132403685079,0,1,1
0,-0.26697652154089435,-0.23644883673585937,0,0,0
0,-0.8478659554912192,-0.11961962436877134,1,0,0
0,0.3800237590893224,-1.1031843812330935,0,0,1
1,-0.2869076719377275,0.820553502887897,0,0,0
0,3.0480332847733624,0.18430906407810357,0,0,1
0,0.5756859066328422,-0.4200277272941628,0,0,0
0,-1.3636690233115922,-1.9046746934654637,0,0,0
0,-0.4638201110234975,1.4444121950550874,0,0,1
1,-4.477049531891227,-1.2276799644560572,0,0,0
1,0.04666603831475902,-0.5912780093697056,0,0,1
0,-0.9327842568436098,0.35834451107600324,0,1,0
1,-2.440290694442824,-1.1965579286166865,0,0,0
1,3.410998887938152,-1.4935097782531435,0,0,1
0,-1.74979320387961,-2.123947582700665,0,1,0
1,0.06413534431068774,0.7209969529056355,0,0,0
1,0.21226325038773725,-0.5451862447263217,0,0,0
0,1.0935968055277792,2.92727009247333,0,0,1
0,-0.9486335870658871,-0.9943550656308734,0,0,0
1,1.8388718313165713,-0.9214510234289213,0,0,1
1,-0.02391935646843755,-0.5653929702854015,0,0,1
0,0.10573728781485148,0.2431346551384891,0,1,1
0,1.5479286031484563,-0.47020333878531134,0,0,1
0,-0.4803135873830333,0.612332214002512,0,0,0
1,0.5485771579998614,-0.9785883899886544,0,0,0
1,-0.5965104159191931,-1.381591718463581,0,0,0
1,-0.8479048897157111,-1.7982147394091075,0,1,0
0,1.8393240740418446,-2.2235741679371968,0,0,1
1,1.3396953268567016,-0.5180690194750568,0,0,1
1,0.3919074130979796,-0.3009803123932219,0,0,1
0,-0.2566499676871674,-0.6314370274831833,0,0,1
0,2.597437636965654,1.243405797187162,0,0,1
1,-2.4141486927743983,1.228030209608135,0,0,0
1,-0.9351756043181787,-0.3348029874445019,0,0,0
0,0.8398560925290719,-1.793921113191963,0,0,0
1,0.8785020624266743,-0.5667051080550529,0,0,1
0,-2.0450693815191014,-0.5998213939170616,0,0,0
1,-1.9470219141548541,-0.657134962278058,0,0,0
1,-1.4718589854406285,-0.6977189038982449,0,0,0
1,-0.6746828995092358,-0.6534628957248072,0,0,0
1,1.6578678186619513,-0.38654161589775976,0,0,1
1,1.1874598925216127,-0.6355410988155566,0,0,1
0,-1.2154237005264117,0.20832250862559215,0,0,1
1,0.481201654544567,0.3603687159048611,0,0,1
0,-1.09429907206982,-0.9106450871824898,0,0,1
0,0.1624120263028208,1.2710653260070333,0,0,1
0,2.1327091436834307,-0.9800623018406138,0,0,1
0,-1.880942628644991,-1.6178006138153371,0,0,0
1,0.43787958711744324,0.3807780713650517,0,0,1
0,1.1312648770756133,-0.8174081344143398,0,0,0
1,0.36017005918177036,0.321291470757388,0,0,1
1,-2.0165690837481125,-2.4036686011005304,0,0,0
0,-2.992591172696579,1.3924559414830675,0,1,0
1,0.6709418366522422,0.6722934080404022,0,0,1
0,-0.4083747701154421,-1.5004765491630017,0,0,1
0,0.012591732689487434,-1.4787771238462857,0,0,0
1,-1.08984807830773,1.6722659040975276,0,0,0
0,0.10298642232997132,-0.7373799034979588,0,0,1
0,-0.6964345039251318,-0.834184848732624,0,0,0
1,0.5953455897966278,-2.2660520941492828,0,0,1
1,0.3157665469092443,-0.35077820560155415,0,0,1
0,0.6395545550998677,-0.22771961483575284,0,1,0
1,-0.40058276898169665,0.7154930967694852,0,0,0
1,-0.15698752917464853,-1.3990784281844755,0,0,0
1,0.30698642995346737,-1.5202867922406096,0,1,1
0,0.8824681064344726,0.45096263477647686,0,1,1
1,0.9700111786040103,1.0067300712270648,0,1,1
1,-0.3425052656275082,-1.571152351117883,0,0,1
1,-0.18377947807520045,1.0815140862997412,0,1,1
1,-1.2759935493853582,0.03754184148682146,0,0,1
0,0.41789484233792296,1.0918053390746458,0,0,1
0,-1.0004213626706555,-0.07022036151761657,0,0,0
0,-1.8829302683802447,-2.5222779174879504,0,0,0
0,2.249811749639382,-0.15196738231603887,0,0,1
1,1.1787623964373368,1.06014381867127,0,1,1
0,-0.07141794051362238,-0.8937460190837143,0,0,0
1,-0.2207566014788641,-0.3879649689074522,0,0,0
1,0.28172017481726763,-0.1761335035509783,0,0,1
0,-0.8256551196277647,-2.899513879868482,1,0,0
0,1.5936783048745358,1.6713475754374763,0,0,0
1,-0.3201325107055023,-0.9013756798971745,0,0,0
1,0.08473656989796496,0.505735432472799,0,0,1
0,-0.7222623976087049,-0.08670113614820872,0,0,1
0,-1.3261629181737211,1.25761905635936,0,0,0
1,-0.37115952883395353,0.4060561224280809,0,0,1
1,0.40586829564744803,-0.23492427152097461,0,0,1
0,0.09659658666947213,-0.8935150925192802,0,0,0
1,-1.5210488157689661,0.7978507013821389,0,0,0
0,-0.1772857328974775,-1.8734413039546167,0,0,0
0,-0.2470522768840765,0.6458904202758925,0,0,0
0,0.01909166729645062,-1.0990447515548727,0,0,1
0,1.6823046142529217,1.25228366195664,0,0,1
0,-0.8651027743960593,0.1612995426626951,0,0,0
0,-0.96924688548892,0.6441237678501087,0,0,0
0,-0.5446880103334346,0.08198881382471937,0,0,0
0,-1.4119231331664297,-1.7523770951409967,0,1,0
0,0.17856548820728235,-0.8607291633953384,0,0,1
1,-0.7490288184486172,0.6723893376113824,0,0,0
0,0.8583502673728545,0.166655817359844,0,0,1
0,0.1740903000015418,1.180989905305672,0,0,1
1,1.2060171812371072,0.40327456303717174,0,0,1
1,-1.2309601932890892,-0.9667018907026598,0,1,1
0,-1.2637798958716648,-0.796064137720634,0,0,0
1,0.35076400325381324,0.10291739052323721,0,0,0
1,-0.43204710626238896,-2.3140440660001054,0,0,0
1,2.0989537932364093,1.6734418856229851,0,0,1
0,-1.2358837550329937,0.44174673637755724,0,0,0
1,1.5487180224232437,1.2270345970488723,0,0,1
0,2.885409198846112,-1.580603940809169,0,1,1
1,1.4135990377610335,1.2445651603552557,0,0,1
1,-0.7109766528909838,2.2314989110277486,0,1,0
0,1.3194073854039012,-1.3208783553773176,0,1,1
1,-1.9349481818023355,0.7714017949037666,0,0,0
0,0.7598939448627146,0.0011099446872931465,0,0,0
1,1.7199503583747415,-1.544433848248244,0,0,1
0,1.2142005384974908,0.4928839718518698,0,0,1
0,-2.008821403862405,0.8336032048373484,0,0,0
0,0.18040835219561022,-0.6011265526688468,0,0,1
1,1.0462855877360504,1.1659165202552229,0,0,0
0,1.291125381942254,-1.6667634067891977,0,0,0
0,0.4574880899176619,-1.4947561464496442,0,0,0
0,1.0357836416090958,0.13659739558875236,0,0,1
1,-2.2158467927809755,0.025385277972271716,1,0,0
1,1.232089282509764,-0.7165734884241052,1,0,1
0,1.5093896918203902,0.8095944359718859,0,0,0
0,2.6032680943409483,0.5308943142159493,0,0,1
0,-1.0685787919380376,0.858139070934016,0,0,0
0,0.12403708402983482,-0.1231364353522676,0,0,0
0,0.35775826945102074,0.6025802679783409,0,1,0
1,-2.4676836058596923,-0.44565030302999464,1,0,0
0,-0.4771026701103099,2.0538186900865965,0,0,0
0,-0.7919296569652845,-0.8125457701219856,0,0,0
0,0.9088891211762771,2.1052974294583118,0,0,0
1,0.5721566899829268,0.034887947089408566,0,0,1
1,2.8004039834841907,-1.3755108895687427,0,0,1
1,0.06022542706126344,1.368079350488601,0,0,0
0,-1.6121529903861558,0.125901388394959,0,0,0
0,0.9477731908897359,0.851124098380238,0,0,1
0,1.4214300316989157,1.2238559185425932,0,0,1
0,0.17629604806943688,0.33795555414502526,0,0,1
1,2.481482700261252,-0.5922408448128146,0,1,1
1,1.262878090511648,0.9757133776692501,0,0,1
1,0.9804695675938253,0.000755507454595548,0,0,1
1,-0.791274715965565,0.685857818608419,0,1,0
0,2.3578297462469116,-2.1537305737914614,0,0,1
1,-0.32180717465156183,0.4469817170098519,0,1,1
0,1.1684719749372112,-0.6385858251450302,0,0,1
0,-0.8726901054571138,1.6533096371785305,0,0,1
1,-0.7761958950931709,0.6230873478890951,0,0,0
0,0.5519237843054485,0.23985774584929662,0,1,1
0,0.31863570409079534,0.48630999335022157,0,0,0
0,-2.123517561777781,-0.9984408528767182,0,0,0
1,-0.7176111194428492,1.6232566905280539,0,0,0
1,0.23196080754500326,1.9913704184169045,0,0,0
0,-0.972111902900468,0.3929135105482163,0,0,0
1,-0.6911009227796933,1.5904035685736386,0,0,1
0,1.6627021228113672,-0.5691481986725339,0,1,0
0,-0.10716276566597105,-0.7971135662249808,0,0,0
1,-2.662574010250422,0.04092474872892285,0,0,0
1,-0.4115693644912084,0.43494103836789866,0,0,0
1,2.195179642912773,-0.3939866812431204,0,1,0
0,-0.6853474548639108,0.5377681903684838,0,1,1
1,-1.0199818473822015,0.30638948207341404,0,0,1
1,0.9996757002829997,-0.9983067752910549,0,0,1
1,-0.2249145821076381,0.5187930174517212,0,0,0
0,0.7886012631356822,0.8635282425215212,0,0,1
1,1.3939906097211918,0.17146931759039094,0,0,1
1,1.0134302182605388,1.1526481032616924,0,0,0
0,0.5857508500154309,-1.217403793496952,0,0,0
0,-0.01957340441104574,0.46795042213185173,0,0,1
0,1.0150479007682178,-1.1702807063967748,0,0,1
1,2.1764834521408702,-1.1140813582330875,0,0,1
1,0.8543768015145137,-0.63093083373779,0,0,1
1,-1.5369809022942484,-0.9420601835742449,0,0,0
1,0.7482424769977503,-0.5479958187411378,0,1,1
1,-0.06592887302091488,-0.21415031071118876,0,0,0
0,-1.4246622554431738,0.8371544863313845,0,0,0
0,-1.7478644385593753,-0.32115903870570245,0,0,0
0,-1.019567839067985,-1.5856257067695927,0,0,0
0,-0.24585468357031953,1.1400678464951604,0,0,0
0,0.891896513698798,-0.8370901336150396,0,0,1
1,1.2770491300550866,-0.05872042710462872,0,0,1
0,0.4436217092531335,0.4465365069407115,1,0,1
0,1.7600881412429596,0.1996104184027828,0,0,1
0,-2.206148629656398,1.0941795475214755,0,0,0
0,-1.2666182021169372,0.4790031433927589,0,0,0
1,1.5510294018420605,-0.861309579697108,0,0,1
1,-1.3655184552661135,2.178562173991662,0,0,0
1,-1.4141488267845796,0.19433346333823323,0,0,0
0,-0.775179404934258,-0.14734022662150623,0,0,0
1,-0.7788278447579828,0.9639254230555709,0,0,0
1,-0.8014947299535101,0.24945094593007222,0,0,0
1,0.4061853334989789,0.3992281929393271,0,0,1
0,0.07237411708335456,2.492183998600687,0,0,0
1,-0.7054719860110332,-0.27512142825504665,0,0,0
1,0.26989874824970295,-0.3177608940173958,0,0,1
1,-0.3686724695726922,0.1165785120124638,0,0,0
1,0.8535128182080706,1.0715159355810386,0,0,1
0,1.786964528731683,-1.506534030190399,0,1,1
1,-0.9185477562861885,-1.9655558914765052,0,0,0
0,1.2198065046285962,-0.5871152706201476,1,0,1
1,-1.2123096840850607,-1.6339229590592872,0,0,0
0,-2.2801189875982715,-0.42483134752563845,0,0,0
0,0.47302288141548515,0.5024996961292901,0,0,0
0,-1.2746468229547512,-0.8907488635522633,0,0,0
1,-1.053334415650116,-1.4268265767813424,0,0,0
0,-1.669880163508123,0.06933716171534797,0,0,0
1,1.888769865000302,0.8625434846151703,0,0,1
1,-0.7074188663879936,-1.6949734385166126,0,0,0
0,-1.1819744606732425,0.8202323983059842,0,0,0
0,1.4516423330615198,0.8173062037383262,0,0,0
0,-0.9814841140801028,0.954085102156628,0,1,0
1,-1.1082604367999647,1.2184802148716865,0,0,1
1,1.3774528042220067,2.202013924659616,0,0,1
0,0.7195698745997031,-0.3560920486190552,0,0,1
0,-1.2138301404215968,0.10957158007785811,0,1,0
1,-0.36650442106531844,-0.41643843324802554,0,0,1
1,-1.348029744917656,0.0019768447558107757,0,0,1
1,-4.665793659354946,1.5328733556363119,0,1,0
1,-0.7292050295635697,-1.3450144839306688,0,0,0
0,2.7479188705982995,-0.8610496721655755,0,0,1
0,1.341149117896408,1.3771809365045613,0,0,1
0,-0.9705985446825218,1.0200365069020898,0,0,0
0,0.8074233369005355,-0.363131646817078,0,0,1
0,-1.1420105087774983,0.8544020011207198,0,1,1
0,4.4174866081784865,0.34121584249203324,1,0,1
0,0.42665628840296566,1.500274609000988,0,0,0
1,0.4779432292781268,0.07450959382677262,0,0,1
1,-2.6749183468077224,1.0256321138725824,0,0,0
1,-3.598961673425691,2.64201191049262,0,0,0
1,0.970120223650571,0.5980991550474662,1,0,1
0,-0.20679360937572322,0.04932816579484364,0,0,0
1,-2.2818415965774763,0.7224469852209796,0,0,0
0,-0.25944223445301207,-0.3652808582038849,0,0,1
1,-1.036136785682157,2.387967705524732,0,0,0
0,1.6617532145301546,0.18007103769598148,0,0,1
1,2.8013129131471066,-0.27293332022551287,0,0,1
0,0.005865104777619879,-0.8356890050200364,0,0,1
0,2.1696719129542004,1.0972201916064386,0,0,1
1,0.5704911300473903,0.8671874128277388,0,0,1
0,-2.304916204797078,-0.4973543714140932,0,0,0
1,2.7796309715489134,0.5764513451224227,0,0,1
1,-0.2742951430633186,-1.5085559682128564,0,0,0
1,-0.7582832239946479,0.18497057507315626,0,0,0
1,0.08942149041222622,0.4527563520766945,0,0,0
1,-1.6659901494364688,1.7073298095592229,0,0,0
0,-1.7228510255332268,-0.7708188027286894,0,0,0
1,0.35556455031211043,-1.2783526288023244,0,0,1
1,0.9412319799372694,-0.8954279609250417,0,0,0
1,-1.0672591906358184,-1.33656850031492,0,0,0
0,1.1752059711983212,1.336657357758983,0,0,0
1,0.4345079574359709,1.5486392950240366,1,0,1
1,0.3382851462142589,0.3202165779488289,0,0,1
1,-3.5414883495475946,1.221294945685148,1,1,0
0,-2.108670350416603,0.13395838058023532,0,0,0
0,1.3995959941528484,-0.09511164770076601,0,0,1
0,0.49150784033253236,-0.33303761905376167,0,0,1
1,-0.21140923593865263,-0.3103909913775655,0,0,0
1,-0.5975029068271038,-1.5478015563090313,0,0,0
0,-0.7878318821837742,0.2642547636073387,0,0,1
0,-0.6526078684879,-0.04033391021404369,0,0,0
0,-0.4513170705654325,0.7453607240778758,0,0,1
0,0.4275117016663986,0.0935234964386097,0,0,1
1,0.41502418133105035,-0.16270370156909172,0,0,1
1,1.2417451279489842,-0.8711930300076304,0,0,1
0,0.3291319360044197,0.07215323682176132,0,1,0
1,1.6027935576321026,0.738237230816162,0,0,1
0,-1.8446167000298839,-1.1433389910838607,0,0,0
1,-2.441898810223475,0.08747375368073924,0,0,0
0,-1.030105424420151,0.23304295152948393,0,0,1
0,0.8841283547655572,-0.7180647836182643,0,0,1
0,-1.685060658519769,-0.5878563049080002,0,0,0
1,-2.2875699878737317,0.23061084876621443,0,0,0
1,-2.0476369283350038,-1.133421018292623,0,0,0
1,-0.5587656465542891,0.34992371524939253,0,1,0
0,-1.79682106310806,-0.8953543736592,0,0,0
0,0.2265718102215073,1.0628536930332164,0,1,1
0,0.16496038196591944,2.3378277453883,0,0,0
1,-0.7351389322874214,-0.8607568017018197,0,1,0
0,-0.6215924449895649,0.5342078623746747,0,0,0
1,-0.2923296882763621,-0.7267419048820193,0,0,0
1,-0.2344692941970748,1.0409541737977897,1,0,0
1,0.3424885855543203,-1.2652584090852153,0,0,1
0,-1.8362300846286614,0.48058675842771265,0,0,0
0,-1.3030099881722392,-0.8729889668893527,0,0,0
0,2.252010185660825,-0.20698458909836875,0,0,1
1,-0.6318259805229974,-1.031025275147307,0,0,0
1,1.5452719668143144,0.8223504708957536,0,0,1
0,0.12879805601771643,-0.836980354439587,0,0,0
0,0.7468212283396531,0.5519642593318276,0,0,1
1,1.75005140911372,-0.34409802826233293,0,0,1
1,-4.898360986472811,-0.11447237179886294,0,0,0
0,-1.229855080831173,0.14775590740012853,0,1,0
1,1.9546896279347772,-0.7618246716588487,0,0,1
0,0.36172861812794954,0.2103671135408869,0,0,1
0,-0.6502374220580895,1.530334564354411,0,0,0
1,-2.6924279595857454,-0.7780947858327143,0,0,0
1,1.672573099710858,1.1718101432738448,0,0,1
1,1.7242471497469656,1.4980976334877842,0,0,1
0,-0.7031831137119748,-0.8161549890280438,0,0,0
1,-0.13519333406969075,-1.4550546050905517,0,0,0
0,1.2058953939515686,0.3019609001717647,0,0,1
0,-0.9465060522449027,-0.547407522766873,0,0,1
1,2.1481415149443843,1.8686032191630024,0,0,1
0,-0.4359336944167819,0.0348075404998322,0,0,0
1,0.06663096953521164,-0.8021994080351792,0,0,0
1,-1.3452546203580926,-1.1471595110117114,0,0,0
0,1.3036708091889506,1.08990495909083,0,0,0
0,1.9897136372420794,-0.5711839740841864,0,0,1
0,1.7965493294912798,0.04382879946042826,0,0,1
0,-0.5814072878421582,0.9558027451124809,0,0,0
1,2.096560244526969,-0.4842583519308302,0,0,1
1,2.5466138669216765e-05,-0.04592882874016064,0,0,1
0,-1.0423091403876248,-0.016568409822520076,0,0,0
0,-1.6592225527410611,0.6833245115160919,0,0,0
1,-2.729243037682521,0.5907443355103258,0,0,0
1,-0.11689291408389488,-0.22011373125482853,0,0,1
0,-0.01981961577047664,0.06364906149651776,0,0,0
0,3.125028726908827,-0.37177901152348874,0,0,1
1,0.6266040217709496,-1.4776124069194447,0,0,1
0,-0.16889591176711946,0.2576008573981294,0,0,0
0,-1.7913875098464858,1.8921917608330678,0,0,0
1,-1.0991682832337215,-0.8837191406910628,0,0,0
1,-1.2285626806438714,-0.773029709602703,0,0,0
1,-0.22599357957884114,-0.8707277716437414,0,1,1
1,-1.759222650269978,0.7245917787231225,0,0,0
1,-0.6148664409882043,0.4484854541964401,0,0,1
0,-0.033609065112448766,-0.15853769241645677,0,0,0
0,-0.80444710956873,-0.9180190616389653,0,0,0
0,0.6859025191238302,0.0923767916399243,0,0,1
0,1.0471239753857684,-1.5646221273358043,0,0,1
1,-0.9146029787523885,0.14342656685749322,0,0,0
1,0.8738978737965485,0.8715243860879341,0,0,1
1,0.8598862950585233,-1.2511991366336779,0,0,0
1,-0.6468637320691347,-1.5325182768296637,0,0,0
0,1.630374380941892,1.5794378916948595,0,0,1
0,-0.7925592512935121,-0.6117596395045849,0,0,0
1,-1.1658718974647468,1.135947845943822,0,0,0
1,-0.020355791678326685,-0.1539976651978317,0,0,0
1,0.5218032070579669,-0.16195481694132738,0,0,1
1,0.27563937047855325,0.43841269949664496,0,0,1
1,0.1891090620526148,-0.8839988567464406,0,0,1
1,1.736872935129858,0.13249714349564554,0,0,1
0,0.33682535947192516,-0.38148941482409265,0,1,0
1,-1.19004740806178,-1.3204934434050313,0,0,0
1,-1.6443722165029726,0.3374820747263991,0,0,0
0,0.8692029405510571,-0.26330780687791616,0,0,1
1,2.633541322687226,-0.1570248284447078,0,0,1
0,-1.5418767701437617,-1.2101609434141578,0,0,0
1,1.5049683089312895,1.5914003677628041,0,0,1
0,2.545304517895312,0.8767141863861161,0,0,1
1,1.0377802929369249,0.9641558841719786,0,0,1
0,2.0613211702139154,-0.305444702441682,0,0,1
1,-0.16904453456536028,-1.7291828895034203,0,0,1
0,0.9609113537876521,1.9529173824895107,0,0,0
0,-2.675786445791411,-0.061097508005868134,0,0,0
0,0.22116927021046084,-0.7487997960200538,0,0,1
1,0.0028436650145520215,0.4168015744831139,0,0,1
0,1.0821009995143616,1.1671207880032974,0,0,0
0,0.4814601602673383,-0.023050556085466196,0,0,0
1,-1.1189677320689184,1.2785751679393746,0,0,0
1,1.8469575900549162,1.0829999385168687,1,0,1
1,-0.5391193067428534,-1.0763811874020586,0,0,1
0,0.8435685933833887,-0.6737901056594764,0,1,1
1,0.6437710674851319,0.9575371632797675,0,1,0
0,0.023728827121472118,-2.712612563810438,0,0,0
0,-1.2319382978676352,-0.14945569316498877,0,0,0
1,-1.4949809952700348,-1.4308312016246718,0,0,0
1,-0.3175883302395231,-0.47655380143352466,0,0,0
1,1.7981978685456728,-0.29882008902920415,0,0,1
0,-0.06503909904852634,-0.35824437790750796,0,0,0
0,1.1834238306798999,-0.5522612521126086,0,0,1
0,0.3498722337423852,-1.097143649628814,0,0,1
1,-2.3929747903837715,2.291911266818686,1,0,0
0,-0.8236901926386757,1.8674620041613508,0,0,0
0,0.4987689334171769,-1.1620658202562835,0,0,0
0,1.573684485870192,1.5821167513035677,0,0,1
1,-1.989040174855581,-0.3994654904728529,0,0,0
0,1.0663655241930292,0.12918747333171046,0,0,1
1,-0.35530016421019606,-0.06327395989691587,0,0,0
0,-0.7381897433903052,-0.6597486412539658,0,0,0
1,-2.7120617498365482,0.9838523436061467,0,0,0
0,-2.7263998241006555,0.1258865305766578,0,1,0
1,0.6325349926968902,-0.4765514232192414,0,0,1
1,-0.8679926135790795,-1.3045894438004726,0,0,1
0,-0.25743699621351435,-0.8935950137191204,0,0,1
1,-1.693005822010425,-1.6413801156020968,0,1,0
0,-2.145091049023238,0.012223548415169466,0,0,0
1,1.8870674206817668,-1.1966655922843958,0,0,1
1,0.58804257725548,-0.26556051251854124,0,0,1
0,-0.8510540645250455,1.3701018536103708,0,1,0
0,0.8438899732564443,1.1992995729215856,0,0,0
0,0.5120383383800332,-0.03227689410261781,0,0,0
0,-2.3263785443515426,-0.08708472614314992,0,0,0
0,1.3512721526608298,1.879874549421008,0,1,1
0,-0.246552864158281,0.5207561203587112,0,0,1
0,-0.20607080897322883,-0.3278064598765229,1,0,0
1,2.7567122750922657,-1.426018117120452,0,0,1
0,-0.3927188940940114,0.39387321816474324,0,0,1
0,-0.7796807790824252,0.8293237725828624,1,0,0
1,-2.137106494365727,-0.6316515245136439,0,1,1
0,3.231194357101997,0.2912027551380327,0,0,1
0,-0.7953067930521275,-0.3635732949150293,0,0,1
0,1.1058631923082591,-0.18403239919900272,0,0,1
1,-0.914372587946512,-2.4878220575623313,0,0,0
1,0.02624542097432403,-0.2217814037161355,0,0,0
0,-0.6976116319087268,0.9693693024080543,0,0,1
1,0.6019325987446154,-0.6314025555665582,0,0,1
1,0.34821090103621255,0.05252636821531626,0,0,0
1,-0.6299814884693832,-0.7559507066919204,0,0,0
1,0.40492323309043576,0.3604416762927729,0,0,1
1,-1.1760520747762875,-0.2165231975361736,0,1,0
0,1.4735680341521427,-0.9392415406820068,0,0,0
0,-1.1031514300875234,1.3325514676651278,0,0,0
0,2.7365163033511974,0.9289320135322151,0,0,1
1,-3.2032697460725355,-0.6049067639281748,0,0,0
1,0.4658759182764607,0.4977883094177774,0,0,1
1,1.942857010927204,0.5374120028203807,0,0,1
1,-2.655416799492876,0.642301235011176,0,0,0
0,-0.6031298574139048,-1.6942558959950778,0,0,1
1,0.16740099019694682,1.006606541032628,0,0,1
1,-0.39895701064161315,-0.5696989629257314,0,1,0
1,1.1848090040817039,-0.3578279334412669,0,0,1
1,-1.4602258927655225,2.6378817522602,1,1,0
1,3.317073214785678,0.3018733807210118,0,0,1
0,0.8403341937061529,-0.3863224754471755,0,0,1
1,1.5350033110764079,-2.205294372755906,0,0,1
0,0.04252928860503946,1.3897641339463556,0,0,0
1,-0.8270062717273647,-1.3452096708086025,0,0,0
1,-0.1950724799326824,-1.0034389034995035,0,0,1
0,-0.2424961430603773,-0.3313522990878492,0,0,0
1,-1.5571858379760628,1.4164117917002925,0,0,0
0,0.3968424729896098,0.7732399866657592,0,1,1
0,-0.7095929879666611,-0.15783750984025996,0,0,0
0,1.1607513156575084,0.308292063638821,0,0,1
1,-0.04582871178349024,-0.6003856928711058,0,0,1
1,-0.1682054825275624,0.13965368956535082,0,0,0
1,0.6557169627574173,0.07333674477813665,0,0,1
0,1.4034102770384493,0.968769895681353,0,0,0
1,-1.041756039972266,0.9671781224389495,0,0,0
1,0.7504323913459965,0.4939773822056448,0,0,1
0,0.2592412913998491,-0.36234755754610226,0,0,0
0,-1.7409132211451737,0.7418222943901266,0,0,0
0,-0.7556337054307107,-0.0919684662030466,0,1,0
1,0.06110561704610307,-1.081914368713133,0,0,1
1,0.3019570289008523,-0.40328779191093866,0,0,0
1,-1.5138354559783986,0.08452698378432454,1,0,0
0,-0.9095315412082421,0.9102157836647453,0,0,1
1,-0.04197119934907767,-0.18352817215715306,0,0,1
0,-2.7166141362435243,-1.209198711239606,0,0,0
0,-2.432170842470541,0.05674168329681941,0,0,0
1,-1.8059377691656326,0.11345604005655238,0,1,0
0,-0.43907852273911385,0.18583762890275304,0,0,0
1,-1.4253171855931743,0.9198715159544302,0,0,0
0,1.7308911386994092,1.0189232400898984,1,0,1
1,-1.7305151721699894,-0.5942108723816666,0,1,0
0,0.1330430094579298,-0.6161434580489434,0,0,1
1,1.0294461331446199,-1.0401987109554731,0,0,1
0,-1.6290808365485083,0.6988156702804763,0,1,0
0,-1.0447832105493209,1.4488201083377155,0,0,0
1,1.798442289154012,-0.3150819279089234,0,0,1
0,-0.40528399541626997,-0.24143056472499316,1,0,0
1,3.2033283896681457,1.4667825568989763,0,0,1
1,-0.5112803681689961,0.5055578532150077,1,0,0
0,-0.7349297215271134,0.43623570480105506,0,0,0
0,0.2287437434381977,-1.1909165059737268,0,0,1
1,-0.18049331967664978,0.678728069279419,0,0,0
1,-1.6463556648582272,-0.9291363405097582,0,0,0
1,-1.2044216883946888,-1.1340201859349581,0,0,0
1,-0.28927783504911253,-0.34677157676671216,0,0,1
1,-0.7383993084398838,-0.5857927234486902,0,1,0
0,-1.7917217524028528,-0.22159969438503938,0,0,0
1,-0.18767900820052646,-1.4409816345249191,0,1,0
1,-0.993029102342963,0.9588163064676725,1,0,0
0,-0.9938942101692101,1.127686294516429,0,0,0
0,0.20272455222902253,-1.9473424741408143,0,0,1
0,-0.29299889003444435,0.9784578056665502,0,0,1
0,-1.0350292580570535,-0.8105286298216263,0,0,0
1,-2.6633870563235416,0.8569755369827861,0,0,0
0,-0.15462810445988295,-0.06844649266641564,0,1,0
0,-0.8227692507357861,0.028775564080998586,0,0,0
0,-0.9579054743737976,-0.1850976494212187,0,0,0
1,1.0035683802250075,1.2121292042334861,0,1,1
1,0.5911675154853274,-1.2395880125250283,0,0,1
0,0.6403531494558925,0.6078403387350085,0,1,1
0,0.11131402374780253,1.1013301648895504,0,0,0
1,0.16039408846590675,0.7163400805404107,0,0,0
1,-2.2557397316935557,2.3246989143234176,0,0,0
0,-1.742865496853808,-0.5289467627246989,0,0,1
0,-0.6683332463391449,0.9573048225935312,0,0,0
0,-0.5320484643076725,-0.10609063534142033,0,0,0
0,3.047219098163426,1.2334060763526695,0,0,1
1,-0.42913635408366724,-0.007688995721369474,0,0,0
1,-0.05455517043970268,-0.38787578186246957,0,0,1
0,0.39563115126618453,1.306072203871629,0,0,0
1,-0.9978411208035083,-0.4915619390189299,0,0,1
0,-1.2021898758621008,-1.412725758900556,0,0,0
1,-2.6787089444263943,-0.5168468831738283,0,0,0
1,-2.92470433083119,0.6190329465885323,0,0,0
0,-0.5100676838591699,1.3920387515870913,0,0,0
0,1.2044795081745348,0.11112937529651211,0,0,1
1,-0.8754513232235505,1.318197067234025,0,0,0
0,3.0840415409970134,-1.3581749214775931,0,0,1
0,0.2982929168527625,-0.4432634648179029,0,0,1
1,0.9431181925824641,-0.28857511715410117,0,0,1
1,0.27225755475631297,-0.11455942747252029,0,0,1
0,0.07759865550872258,0.08409438825019698,0,0,1
1,-1.2051674104595849,0.6909109573921928,0,0,1
0,0.9263255743053538,-0.44480683817049027,0,0,1
1,1.664729107506195,0.1390286869531256,0,0,1
1,0.5355178294406815,-0.04512289032405165,0,0,0
1,0.8961080882476946,-0.9258899038911499,0,0,0
0,-1.5235204377383433,-0.11366668908143539,0,0,0
1,-0.0013759257932486682,-0.14365952989711814,1,0,1
1,1.3160597234943752,-0.1650805650030461,0,0,1
0,-0.11053741390019567,0.03175945658145075,0,0,0
0,2.008915141425026,0.07567354061338613,0,0,1
0,0.9136113663358159,-0.43229517910733023,0,0,0
0,0.18411157064597128,1.2727147339712648,0,0,1
1,0.8091819021713029,-1.1694806292030167,0,0,0
0,2.5211727484904762,-0.7209701084698963,0,0,1
0,1.1129637093593012,2.779963624223556,0,0,1
1,-1.2853492265207855,-1.03799135498923,0,0,0
0,-0.4709574233294882,-1.3537546747097586,0,0,0
1,-0.00602118968072568,0.7344767450012178,0,0,1
0,-0.012669229239917361,-2.077119853773874,1,1,0
1,0.1412305794646141,-0.2352739099724389,0,0,0
1,-0.6968160731992687,2.1458249250764885,0,0,0
1,-0.6855791318618342,-1.5449359221534005,0,0,0
0,1.5833987063951076,-1.9819644857387133,0,0,1
1,1.652630157526926,-1.4991812019576982,0,1,1
0,1.046993369125967,0.8983595683469856,0,0,0
0,1.4327020433711308,1.1247767199858125,0,0,1
0,1.6039182207463614,-0.5125887969785089,0,0,1
1,1.755296743478331,0.683212404001069,0,0,1
0,0.3859551160155412,1.3902553275119895,0,0,0
1,-1.8423875536299623,1.7873464144298254,0,0,0
0,-0.16541124670297885,-0.24633528117984818,0,0,1
0,0.7651107402714323,-2.301471717669987,1,0,0
1,0.6845766593388076,-0.8208789224096867,0,1,1
0,-0.3500502669729989,-0.4268041949352576,0,0,0
1,-1.0496173700334859,-0.2589387965783906,0,0,0
0,1.901581487523718,-0.1878594010087195,0,1,1
1,-0.6126829670978552,1.1188945979306693,0,0,0
1,2.4673671893067355,1.2744284266875814,0,0,1
0,0.3879480485829215,-0.17167365392478334,0,0,1
0,-0.27135119969599863,1.0984848760518187,0,0,0
1,0.7544492896534933,0.3576613666310894,0,0,0
1,-3.2090783921978705,0.06450597286257172,0,0,0
0,-0.25367924762692395,0.9065441571099638,0,0,1
0,0.5417793081369671,0.07225204823791581,0,0,1
1,-0.33903198034324256,2.0578111770977623,0,0,0
1,1.4670742099978127,-1.4384111667945592,0,0,1
0,0.3027335209304736,-0.5151708990920177,0,0,1
0,0.3543074353372816,-0.1265188969539503,0,0,0
0,0.34036585001335906,0.43945269045799057,1,1,0
1,-0.345067027623969,1.267960487103089,0,0,0
0,-0.07010572836611241,-0.024398567236156642,0,0,0
1,0.1958267831302285,-1.422229649506207,0,0,1
0,-0.2918734674995984,0.8425138964550043,0,1,1
0,0.5177975426294863,0.7549587661419644,0,1,1
1,-0.8007125040105669,-1.941858659379406,0,0,0
1,-2.2997121351552385,-0.0038041336707993834,0,0,0
1,-0.2150164614661273,-1.590141830680298,0,0,0
0,0.5208976483059173,-0.6646510975020625,0,1,0
1,-0.31151330894082735,-0.9028089269627998,0,0,0
1,2.993152954410961,0.8092646982419858,0,0,1
0,-0.23840505594961564,0.11683017417218379,0,0,1
0,0.5641894690012583,-1.2855910007560276,0,0,1
0,2.3477953070933557,0.8800659629573423,0,0,0
0,1.042351286363916,-1.4338058239284144,0,0,1
1,-0.39309807082330234,0.3301137904709438,0,1,1
0,-0.2507210391377903,-0.8140106692915562,0,0,0
1,0.3326804301959929,-0.3656770825305199,0,0,1
1,-0.46085601778723656,0.504270748038384,0,0,0
1,-1.371636094153944,0.521449399059529,0,0,0
1,0.08472241150754445,1.3369690735559603,0,0,0
0,0.35942107579244187,-0.08225369967145327,0,0,0
0,0.005814041645356149,0.306450862963341,0,0,0
0,-2.5670295352602657,-0.4377373224043246,0,0,0
1,-0.49380448327482424,0.18198988262279764,0,0,0
0,0.20869909198823697,0.4394860480085117,0,1,1
1,0.5340529288114008,-0.09830984745437601,0,0,0
0,-0.35363609675893004,-1.8037504840924963,0,0,0
0,-2.6243129561008542,0.3314708963308953,0,0,0
0,-1.23445783497155,0.364561477355457,0,0,1
1,-0.054943633825457666,-0.6801734763479509,0,1,0
1,-0.345088198399528,-1.284387036072514,0,0,1
0,2.1914620415873944,1.475879150503965,0,0,1
1,-2.599656447680573,0.4914455108944023,0,0,0
0,1.5501892974519855,-0.2290810309217098,0,0,1
1,-0.05032335554957312,-1.1370328831474874,0,0,0
1,1.589753791640993,-0.8218148284213459,0,0,1
0,0.8780354706465141,1.3025903967862316,0,1,1
1,3.2925625709605946,0.1376619408680461,1,0,1
0,-0.029864723575498076,-0.5505870670007064,0,0,0
1,0.008125748147160938,0.5096892312246559,0,0,1
0,-0.07487173149968729,-0.8143981874463236,0,0,1
1,-1.3888110309405617,1.5008430302803781,0,1,0
0,0.4674756657560024,1.3528005348967251,0,0,1
1,0.968475104093685,-0.4665740712027766,1,0,0
1,0.20254509568429646,-0.6286702470308603,0,0,0
1,-0.057549929236080266,-2.618133198692279,1,0,0
1,-0.11443668235662685,-1.481580771551368,0,0,0
1,0.7019401815666549,-1.3394697749577562,0,0,0
0,-1.7319482526416818,0.13519034098738605,0,0,0
0,0.4388241868021534,-0.3262337044413599,0,0,1
0,0.7341373154588982,-1.3453354874152414,0,0,1
1,-1.9996207661852716,-0.2811640424645573,0,0,0
0,2.6497973511664847,0.5053371476473485,0,0,1
1,1.1145181626525738,0.5278393499155871,0,0,1
1,-1.0213959981861533,-1.8996702808588812,0,0,1
0,-0.07989308879710005,-0.12826348048383082,0,0,1
0,1.1244511891721363,-1.3833407769716102,1,1,0
0,1.2211377122704825,0.9017286971402737,0,0,1
0,0.12372693632692022,0.7841464163534986,0,0,0
0,0.7812240362772878,-0.8980272263244585,0,0,1
0,0.4603605195347456,-0.7660452024003999,0,0,1
1,-1.256683948089938,-0.46126705049830724,0,0,1
1,0.7077077905875415,-2.252793394731339,0,0,1
0,-0.1463123092847195,0.3359681734405766,0,0,0
0,-0.0020680400028951426,-0.27284454634013083,0,0,1
0,2.7042412804996214,0.9701750825678594,0,0,0
1,0.41889507575342433,-1.0984092179625526,0,0,1
1,0.8915675081077845,-0.6191229482499316,0,0,1
0,-0.30861562439912527,-1.5065252580391153,0,0,0
0,1.3757222918544587,-1.0042905634942532,0,0,1
1,4.765163659198594,-1.1819819960682185,0,0,1
1,1.5898313797147456,0.9959736788464455,0,0,0
0,0.11742573533895306,-0.6982618487513923,0,0,0
1,0.5864742910155201,0.12417568474461345,0,0,1
0,3.429396332351546,-0.3807634038618044,0,0,1
0,2.346437501887664,-1.269465266012813,0,0,1
1,1.110176041843385,-0.1683004231716427,0,0,1
1,-1.7476298689955074,0.5991033318635947,0,0,0
0,0.9756766424051729,-1.2077593925433525,0,0,1
1,0.7257145958419793,0.8091127907313789,0,0,1
0,0.679225041109901,-0.8497209214776963,0,0,1
1,2.6378405109144984,-0.48298392607284074,0,0,1
0,0.2984674729574166,0.5306831230100478,0,0,1
1,0.9538990849893848,-0.663436157219488,0,0,1
1,0.8738903513629376,0.03757485933586561,0,0,1
0,-3.277527818846684,-0.31469082878809246,0,0,0
1,1.916994859181734,0.1293680067038185,0,0,1
1,-1.5779829633277855,-2.380739105523497,0,0,0
1,1.4939564859087124,-1.829681815208083,0,0,1
0,-1.1042645753902454,0.6159670060468382,0,1,0
1,0.4141855541741433,1.0371814056490503,0,0,0
1,0.030897521070682832,-0.9104867035315213,0,0,1
0,0.598577751173576,-0.24402835217113436,0,0,1
1,0.9489431270342896,0.29471925290230155,0,0,1
0,1.7082727646915825,0.6932176016587042,0,0,1
0,-0.7041426193656167,-2.0276772716708487,0,0,0
1,-0.9436617360946653,-0.8860402469783771,0,0,0
1,1.8763229050675785,-0.33257937984987496,0,0,1
1,1.0954970391368892,0.7031401972360493,0,0,1
0,0.9061055064428873,2.498430483721495,0,1,0
1,0.2275568520632228,-0.22800572680971787,0,0,0
0,-0.13930329054568164,-1.4069774621039888,0,1,0
0,0.9803399594262285,0.40226807720129804,0,0,0
0,0.8195314298398548,1.32099578954071,0,0,1
1,-0.7808032711771562,0.10801412097950092,0,0,1
1,-1.5695873075260722,-0.9066485451542928,0,1,0
1,0.7834604552157547,0.957993941480019,0,0,1
1,-0.4820456816015485,0.663545618498435,0,0,0
0,-0.5445011540894729,-1.0260808441956244,0,0,0
1,-1.1017817889647068,0.38142561753434195,0,0,0
0,1.7924641374685024,0.9972655676588726,0,0,1
0,-1.7715206122883413,1.1818900425588936,0,1,0
0,0.3276669702635577,-0.06644897530945597,0,0,0
1,-0.6359326378306754,-0.35807944617931886,0,0,0
1,1.1032941444764697,1.227273822081263,0,0,1
1,-1.7754273012104522,-1.2101605029808855,0,0,0
0,-0.4426928041496304,0.4385792909210054,0,0,1
0,0.16249869189399493,-1.3700266273644293,0,0,0
1,-0.012594028327844065,1.0653762722596027,0,0,1
0,-1.0511999466882063,-0.2580455156111615,0,0,0
1,-1.4243541191900948,1.2685832356474693,0,0,0
1,2.3366965954644607,0.491412756355527,0,0,1
0,-0.5587730721879195,-1.22322023006193,0,0,1
1,-3.154106514857835,1.4246277320772434,0,0,0
1,-0.43603234247646183,1.5512452664277294,0,0,0
0,-1.9747249001035931,0.8822864925992157,0,0,1
1,-0.4172521911614837,-0.7615878650362199,1,0,0
0,0.9379051026597004,-0.30601395435740886,0,0,1
1,1.883284876296633,0.1454272174057594,0,0,1
1,-0.17160752467585544,-0.7037103993314333,0,0,0
1,-2.2768749092503415,1.6923465724632047,0,0,0
1,1.3389527075083425,0.14432647172603683,0,0,1
0,0.009721382757837183,-2.703348047107357,0,0,0
1,0.09132724221842843,0.33935581275622034,0,0,1
0,1.5225799678261052,-0.34815739681731317,0,0,1
1,0.07760662348951475,-0.07492655611844788,0,0,1
1,-1.61073462055864,-0.36861936578569976,0,1,0
0,2.2992279010194787,0.8070464166066876,0,0,1
0,0.14131014180648704,1.1196877785533812,0,0,0
1,1.873812693037832,0.28305316225865373,0,0,1
1,-1.447230574403146,-0.33931118713815905,1,0,0
0,-0.42535195625021444,-0.041337204809170254,0,0,0
0,-1.7182104061565253,0.019599616577628296,0,0,0
0,-0.07724162308612015,-0.8024300398648371,0,0,1
1,0.8667653424322684,0.5789286485712348,0,0,1
0,-0.6300673663274303,0.4600423238604662,0,0,0
1,-0.5894662178826806,1.5404412397766734,0,0,1
0,0.69330850637273,1.255349780288475,0,0,0
1,-0.5658528669507404,-0.6856749175901302,0,0,0
0,1.554002072428949,0.8202983745089647,0,0,1
1,1.4672369213952174,-0.9509533830944716,0,0,1
0,1.9377422533721318,0.6959321009408497,0,0,1
1,0.7254988777654854,-0.5166141987601078,0,0,1
0,1.7655614003487652,-1.0232532233755844,1,0,1
1,-1.3128187613825517,0.28004534269740444,0,0,0
1,1.6989716158193044,-2.6745671281541408,1,0,0
0,-1.0288972704161492,-1.750975574405228,0,0,0
1,2.371291799324496,-0.17749188377428318,0,1,1
1,1.7804453499041737,0.08244176663484246,0,0,1
0,-1.7008324605094702,-0.36931877015818887,0,0,0
0,2.040359390330566,-1.5794362987175987,0,0,0
0,-0.6124176113894122,-0.8178918421385055,0,0,1
1,2.2089585878215345,0.3912093272373939,0,0,1
1,-2.639899978533199,0.5817817706283626,0,0,0
0,-1.3575461553895014,-0.01622311759594124,0,1,0
1,-1.9952945222170113,1.1568337810369889,0,0,0
1,-1.7160129969037454,0.3973970234592343,0,0,0
1,-1.5775633491632208,-0.7474556539582122,0,0,0
1,-2.1273822021558164,-0.2805020534116174,0,0,0
1,0.5606042224255838,-1.4028661572078547,0,0,1
1,0.5217800773171621,-0.10813899039141675,1,0,0
0,-0.8468959383218031,1.1121006192213385,0,0,0
1,-1.6994682459090154,0.6852900847109679,0,0,0
0,-0.3364350189670031,1.402009325919122,0,0,0
0,1.6512848971377276,-0.3028852437989931,0,0,1
0,-0.1983183939130786,1.3460997945142577,1,1,0
1,1.6261072353628747,-0.19330422644796988,0,0,1
1,0.7839899162990202,1.471585082569894,0,0,1
0,0.9092395508442599,-0.02185674744212368,0,0,0
0,-2.3847908365838903,0.7072313738042767,0,0,0
0,-1.3080112473060206,1.4751123643098556,0,0,1
1,-2.6438531888167742,-0.1934276285812056,0,0,0
0,-0.3192142438043418,0.21838898754417418,0,1,0
1,-0.4697752780966464,1.2888634252063023,0,0,0
0,-0.04970154987267994,-0.1330031639300636,0,0,1
0,-0.35858081140481746,-1.320892282506161,0,0,1
0,1.5399339867067718,2.14300705458491,0,0,0
0,1.8826034367486342,-0.4697644643371368,0,0,1
1,-0.9053554070276942,0.15875605093754283,0,0,0
0,0.7278418301809073,1.156006669451127,0,0,0
0,3.3071629944633933,-0.6084939037312018,0,0,1
0,1.7850186936922707,-1.0078679132221302,0,0,0
0,0.4732359033418183,0.25373729677483314,0,0,1
0,-2.534624435045764,-1.7930763979123896,0,0,0
0,0.14167018907983198,-0.28790607686792025,0,0,1
1,1.7289669545216406,0.2450386643154059,0,0,1
1,0.4091569306100953,-0.2699518968251642,0,0,1
0,2.182475790620335,-1.5434509431857473,0,0,1
0,-0.03313833856773818,1.5941779562040121,0,0,1
1,-0.06411055974268937,0.10353815394917538,0,0,0
0,1.4110302543734965,1.431152117761741,0,0,1
0,-1.128197042849791,-0.26003625018044474,0,0,0
0,3.3624244412095154,-0.8800119816907639,0,0,1
0,0.7079303670234234,0.2691809202551599,0,0,0
1,2.319563129511254,-0.21578712632821961,0,0,1
0,-0.8404680675566688,-1.177761457991358,0,0,0
1,0.8679280718623943,1.4697842587874956,0,0,1
0,2.348269764056248,-0.622270222893996,0,0,1
0,0.1308115502146786,-1.840266384795568,0,1,0
1,-0.127574853509004,1.3281660539573326,0,0,0
0,-0.6774262617033296,-0.5042980158126232,0,0,0
1,-0.11053864185318002,-0.6078238926156243,0,0,1
0,0.38707201485501963,-1.765387587029974,0,0,1
1,0.9883696243561162,1.7409414865969908,0,0,1
0,3.597284869796132,-1.2894805872096875,0,0,1
1,0.8248444448570413,0.05844948070564989,0,0,1
0,-0.15242041175685744,0.9126203225404405,0,1,0
1,-0.32918739456677293,0.421716933003097,0,0,1
0,1.1233246659212992,-0.0596543119921916,1,0,1
1,-1.057233576904247,-1.7016658582874162,0,0,0
0,2.2309508159896443,-0.8097248357672839,0,0,1
1,-1.0103356615437415,0.18780033804252202,0,1,0
0,-0.05428558994918814,-0.7871740699869963,0,0,1
0,1.6294899739574205,0.20335945999876773,0,0,1
0,-0.5421706838889713,0.6817434088151417,0,0,1
0,1.127114262487335,0.9625028858001017,0,0,1
0,-0.883216462144576,-1.2261793578126834,0,0,0
1,-1.6348386512063908,2.196646054978954,0,0,0
1,1.1871843838445844,0.7674793445541306,0,0,1
0,1.2537095823082012,-0.0017141536690639572,1,0,1
1,1.0737115218686462,1.0895365830766406,0,0,1
1,-0.6158572238373743,2.3654077719999735,0,0,0
0,1.6652121029952311,-1.4387201010568695,0,0,1
1,-0.2627248737915002,-0.2252626424913536,0,0,1
1,-0.8872370905774376,-2.3784316598733284,0,0,0
1,2.9336012160641505,0.19265153264802468,0,0,1
0,-0.5067511865424781,0.36539424192514075,0,0,1
1,-1.2401374183031775,-0.03916211544275943,0,1,0
0,1.0510504164856656,-0.6545335709983099,0,0,0
0,0.18284443050222365,-2.0495145161883253,0,0,0
0,0.7461109957209365,0.3735336834117687,0,0,0
1,1.1052445358649556,1.455434483915325,0,0,1
1,0.7825788821584436,-0.591018455733432,1,0,0
1,1.0444272869483355,0.440059929023145,0,1,1
1,-2.2852417296822285,-1.5681443134200506,0,0,0
0,0.1851487258887412,0.45721306369251385,0,0,0
0,0.5299927084954213,-0.39338229774465705,0,0,1
0,0.9683399876563878,-0.7624179506029144,0,0,0
0,1.7457496806705213,-0.7603636412161305,0,0,1
1,0.0250663796701579,-0.39361158203300994,0,0,0
1,0.45424544939816985,0.3824333156925354,0,0,1
0,-2.5156822162475647,-1.3121632011955178,0,0,0
0,1.2421525592720517,-0.39711533156785284,0,0,1
0,-1.2103816663297287,-0.04147177799914767,0,0,1
0,1.1520293677776348,-1.0990392245318592,0,0,0
1,-1.4412631059653824,1.796665201675017,0,0,0
1,-3.0496145473681473,-0.8534954800613416,0,0,0
1,1.1424251565950811,-0.6694369136334904,0,0,1
0,-0.6929653185594409,-0.9783079498224979,0,0,0
0,-0.3462188733861439,1.7984800871381175,0,0,0
0,1.2224099176675152,0.5529052285994815,0,0,1
1,-1.225473830906484,-0.9365920062436421,0,0,0
1,-0.12550690536254666,1.1062315588599687,0,0,0
0,-2.9148491232776785,0.2006986942888783,0,0,0
1,1.7292998149711294,0.25725342111150185,0,0,1
0,-2.3118185057191374,-0.3444772087524529,0,0,0
1,-2.331737392694534,-0.7494159869569733,0,0,0
1,-0.9811552468182709,0.33776609905460137,0,0,1
1,1.2667353362811629,-0.5450872299955903,0,0,1
1,1.0987503601879423,1.8167556295751046,0,0,1
0,-1.5491837928817318,-1.2692911052431042,0,0,0
0,-0.4896175741664758,1.5361567728549452,0,0,1
0,1.64543465236977,-0.11131884879780068,0,0,1
0,3.1939344452678435,0.2990857340211059,0,0,1
1,0.5677812044243005,0.8331577666294346,0,0,1
1,0.12004266402551483,-0.6302492950044363,1,0,0
0,1.086871942931738,0.8642483846986364,0,0,1
1,-0.9801816307671497,-2.707543855381177,0,0,0
0,1.6920597182179218,-0.7199895332219391,0,0,1
0,-0.33993778559013843,-0.9240628073410654,0,1,0
0,1.7463779659730907,-1.2535060123717616,0,0,1
0,-0.79693453199401,-0.21495483807895113,0,0,0
0,0.8220882580789826,0.3857499681816948,0,0,0
0,-0.36766408621681873,0.7026599984993058,0,0,0
0,1.5965230378053454,0.2408767572004077,0,0,1
1,-1.3601815117663334,-0.6656934648935471,0,0,0
0,-0.9630894737427608,0.36901643782516713,1,0,0
0,-2.5817449875439955,0.12428569485085071,0,0,0
0,1.0458449215659222,0.9360561679360162,0,0,1
1,-0.23336880939713944,0.7769367029315166,0,0,1
0,1.7049026778470011,0.03047641392062887,1,0,1
1,-3.7518110372144013,-0.8972530061612568,0,0,0
1,0.43889381045680653,-0.6529501558320808,0,1,1
1,-1.21020018813436,-0.5497893596380333,0,0,0
1,1.837785286544926,-0.31526633391625575,0,0,0
0,-1.4013232443986339,0.2680504275897533,0,0,0
0,1.9059154488212173,0.7151743901280584,0,0,1
0,-1.6258058743493318,-0.05111869301537766,1,0,0
1,-1.074372373558344,0.016124787900472528,0,0,1
0,3.7838476933989504,0.14330630500000452,0,0,1
0,0.9711014431490173,-0.51590531313234,0,0,1
1,0.50057176992349,-0.9253922576429561,0,0,1
0,1.1709274778295802,-1.7554378973107099,0,0,1
1,1.7051588233914097,-0.6951493580768724,0,0,1
1,-0.23855982420860775,0.47314545326778695,0,0,1
0,0.11348739352571285,-0.7029114380395675,0,0,0
0,2.5976847172167945,-0.2378070374259397,0,0,1
0,0.6981727031247775,0.46643128741231693,0,0,1
1,-0.847608079701596,0.5206894964226687,1,0,0
1,-0.6047527170806832,-1.079532852166039,0,0,0
1,1.5890874168045208,0.9970593564536414,0,0,1
1,1.7991972227152009,1.1273500893554853,0,0,1
1,0.14752255661718816,-1.12984985721856,0,0,1
0,-0.7849755329834972,-0.8238368696411542,0,0,0
0,1.7728287329643302,1.1910906831461916,0,0,1
1,-1.8859985447433594,-0.14685352125530088,0,0,0
0,2.211991552746326,-2.219777947451851,0,1,1
0,-2.072578174872027,-1.3996815047326863,0,1,0
1,-0.13681887092233397,-0.24936962517248124,0,0,0
0,0.740255554865661,-1.1630426502846019,0,1,1
1,0.410591369671722,-0.41342377063644137,0,0,1
1,0.459491399214766,0.03239621368357873,0,0,1
0,3.3449125725035724,1.4622546040347288,0,0,1
1,-1.041403925939256,-0.29045391622778904,0,0,1
0,-0.2854822675612672,1.0725417995727589,0,0,1
0,0.5210850378409824,1.4287601620367705,0,0,1
0,0.23792071835059736,1.434309669352076,0,0,0
0,-0.2064453575766918,0.28475459338556824,0,0,1
0,0.12392817081462959,-1.9632891478389742,0,0,0
0,0.9688138332096918,0.4608248654038653,0,0,1
0,-1.1443342785764856,1.048399887813541,0,0,0
0,3.5029342336631153,-0.08106710543541713,0,0,1
1,-0.050961286791258165,1.744583870075249,0,1,1
1,0.7283971092555042,0.8598335614674578,0,0,1
0,-0.6053347749180252,0.5682733771527843,0,0,1
0,-0.4544651397867347,1.086380711205838,0,0,0
0,-0.3886491920731756,0.3333698512608781,0,0,1
0,-0.7278770184182507,-2.4928104993953535,0,0,0
1,1.7051704317823018,-0.49913895147036563,0,0,1
1,0.04968087899688034,1.1971680272478535,0,0,1
0,-1.8333760449084342,-0.807591340098296,0,0,0
0,-1.7841829131562688,-0.22347250523693915,0,0,0
0,2.268026471632139,-1.0448363139030714,0,0,1
1,-0.9482677367856924,1.7839225952017694,0,0,1
0,2.6805589809803414,1.6814924574180155,0,0,1
1,2.6410929048035796,-0.8838688951407293,0,0,1
1,0.5492762930448487,0.14729800038908406,0,0,1
0,2.1430273335113386,-0.6804940477640479,0,0,1
1,-0.3468753412566369,0.6149446390313781,0,0,0
1,-0.6380158573736024,0.509683077242329,0,0,1
1,-1.8929023266578326,0.8117055716132655,0,0,0
0,1.8350383774200383,0.3319184477078873,0,0,1
0,-0.9304821565446042,2.935406206388468,0,0,0
1,-0.9507983777937472,-1.027923765010739,0,0,0
1,2.176933100242625,-1.7106033544365142,0,0,1
1,4.191581213090992,-0.3930902007014615,0,0,1
1,1.7741965250699634,-1.5679882655602673,0,0,1
1,0.40585563013222775,-1.4924622700059926,0,0,1
1,0.6913780116801757,-1.001314654197967,0,0,0
0,1.2693824867276664,-0.9221889054316275,0,0,1
1,1.7046746504835464,-0.9546181019500601,0,0,1
1,-0.3270547677155927,0.5182189504454116,0,1,1
1,1.421333023898461,-0.5061890610853361,0,0,1
1,-0.8386210417429978,-0.17951457487248015,0,0,0
0,0.2482524300600485,0.8942327745009349,0,0,0
1,0.471760160486261,-0.7663225247814263,0,0,0
1,-0.22617162357970844,-0.26454589870472217,0,0,1
0,0.4030625200908868,0.36575998609291555,0,0,1
0,-1.9639035656288963,-1.9415678006202213,0,0,0
0,-1.6192174056597275,-2.3849055089505824,0,0,0
0,-0.7985279608745566,0.3461173287977227,0,0,0
0,0.8698597404106635,0.49201428056689855,0,1,1
0,2.0219864345326823,2.0642201348524107,0,0,1
1,-1.23971137929562,0.15809487586680993,0,0,1
1,-0.20942900745287485,0.8197397172580948,1,0,1
1,-0.3898037160508243,-0.19547264358597383,0,0,1
1,0.21430125288800195,0.29722722158508635,0,0,0
0,-1.1183308393861355,1.667256841749534,0,0,0
0,-0.3429017710842174,-2.1239928181256356,0,0,0
1,-2.7979646565797225,0.4136162575716805,0,0,0
0,0.5150620987754573,2.135586730077366,0,0,1
1,-2.0463476544983665,0.2820342192093425,0,1,0
1,-2.8830194804900566,1.6505729632328479,0,0,0
1,0.9374236110762337,-0.6292121495294424,0,0,0
1,-0.057953485999309606,-0.03204749416371351,0,0,1
0,2.3204847718681627,0.03352470238858753,0,0,1
0,-0.7323498277880126,-2.2175910793587708,0,0,0
1,2.435640162475732,-1.1681778278502002,0,1,1
0,0.5962331870025843,-1.096875079383986,0,0,1
1,0.9268272429348835,0.8220660780325274,0,1,1
0,-0.059951034182006785,0.872153105684055,0,0,0
1,-0.8548504053094252,0.3240364427065333,0,0,0
1,-0.09999235276857021,0.8241028968557058,0,0,1
1,-0.735567784277005,-0.16414941272177394,0,0,1
0,1.0011764510645014,1.2019316695395432,0,0,0
0,0.7175868296624137,0.00878844263207182,0,0,0
1,0.07066775746406839,0.05786404742675647,0,0,0
0,-1.4930927294135585,-0.2655926332624114,0,0,0
1,-2.303003860194757,0.6844504776364279,1,0,0
1,1.2983514238684313,-0.4211988166129132,0,0,1
1,-2.427356902281213,0.9764313771980682,0,0,0
1,0.4851356695804734,-1.1321491407160067,0,0,0
0,-2.385631377120334,-1.0989162547281939,0,0,0
1,-0.6283142447678165,0.6874267551265042,0,0,1
1,-1.0305716755377745,-0.0885442145830127,0,0,0
0,-0.5340568360973261,-0.45389141615312834,0,0,0
1,0.9831325834339053,0.8900577324754597,0,0,1
0,0.8034422984864538,-0.6072614140860845,0,0,1
0,-0.10004359257780504,-0.20020125430036984,0,0,1
0,1.4236698040160451,1.3992279500711593,0,0,1
1,-0.1374576794273672,1.5391423458106503,0,0,0
0,-0.447674439110458,1.5723982102703271,0,1,0
1,-0.7367592630646149,-0.2821257769339113,0,0,0
1,-0.2814038026325011,1.2307029049844702,0,0,0
0,-0.46903868253920944,-0.948952827768678,0,0,0
0,0.858052641167323,-0.9069028747220608,0,0,1
1,0.8906624381044742,-2.350455852624361,1,0,0
0,-1.3966209069251552,1.67286820189853,0,0,0
1,0.18453011288957732,-0.8639798490760783,0,1,1
0,2.2495425209688955,-0.12653257974705998,0,0,1
0,-0.13958223924194313,-0.9103243419282839,0,0,0
1,0.6560048935322988,0.6951652483301405,0,0,1
0,0.9825703703331841,-0.37563366071734017,0,0,1
0,0.6682902505145947,-1.3048168904329494,0,0,1
0,0.47678100303273596,0.44166256418606065,0,0,1
0,1.4496369842229868,-1.4337300248102285,0,0,1
1,0.6702568408812422,-0.8374057253154913,0,0,0
1,0.7013344262942979,-2.106889114626081,0,0,1
0,0.3842726044041921,-1.4239581121976068,0,0,1
1,0.690481085617883,0.17852916972047786,1,0,1
1,-0.3916270628947374,-1.9645360381029247,0,1,0
0,-3.07198341576913,-1.4811457246217157,0,0,0
0,1.0869183449295514,-0.0023689161328080566,0,0,1
1,-2.0734852605767458,-0.5436068960930526,0,0,0
1,-0.47647580766954273,1.992036635959309,0,0,0
1,-1.9958604215989317,1.8338965460243755,0,0,0
1,-0.4072236834400198,-0.8679224627511536,0,0,0
0,-0.036817033948644884,0.5571376184034819,0,0,1
1,0.004789519331407449,0.7492825568794511,0,0,0
1,0.3020058051946599,-0.5974788580244031,0,0,0
1,-0.2723672683569367,-1.4955415364982039,0,1,0
0,0.535370495618399,-0.012298449308057612,0,0,0
0,-2.6323958112145576,-0.17284567481411092,0,0,0
0,-0.684061755239578,-0.4357644969706192,0,0,0
1,0.8600491522635814,0.44231686816448523,0,0,1
0,-1.3577304384894817,-0.7507296070055988,0,0,0
0,2.5536407234989955,-1.151997547579143,0,0,1
0,1.1312397730150963,0.10908297034983186,0,0,1
0,-1.8917464759357399,0.3859700925688759,0,0,0
1,-1.4921044833636845,-1.176644943900053,0,0,0
1,0.7964373488337765,0.9280906109910811,0,0,1
1,0.03000264415913738,-1.770481137776078,0,0,1
0,1.4433703674401352,-0.5781134587156433,0,0,1
1,-2.093430438346811,-0.258008536197609,0,0,0
0,-0.4960559996557007,-0.6362237126519298,0,0,0
0,-3.3549319333687295,-0.5650604735511925,0,1,0
0,0.7670970158310386,1.871074482308114,0,0,1
0,-0.5258997424465726,-0.8508840890388987,0,0,0
0,-0.9669758651153388,2.441221722471914,0,0,0
1,0.5896036374846669,0.43712677973105185,1,0,1
1,1.3069777581419013,0.09205513731199198,0,0,1
1,1.4820992113608775,0.4762403533876659,0,0,1
0,-1.9737202935961502,2.5299277492519523,0,0,0
0,-1.0375438122403835,-0.993593003931448,0,0,0
0,2.1293718005429083,-1.1204179189363894,0,0,1
1,-1.213725887465591,-0.7548661965719211,0,0,0
1,1.1491308307850905,0.032143146964560894,0,0,1
1,0.259021342146579,-1.7257711248125733,0,0,1
0,0.1124512541139952,0.02233923931860801,0,1,1
1,-0.8631742353184085,1.693547133413672,0,0,0
0,0.99524397503854,0.1514073906247774,0,0,1
1,-0.18250131554462565,-0.2926854589752766,0,0,0
1,2.860492221297771,-0.6181604486836274,0,0,1
1,0.08024667129164853,0.8985117045515645,0,0,1
1,0.7755037619339099,-0.8258327732380475,0,0,1
0,-2.834652781986777,1.8463959205992475,0,0,0
1,-1.5060852791368462,1.9333597477143571,0,0,0
1,0.7196583088437205,0.25675079866178757,0,0,1
0,-0.475632700089368,-0.0115150880766451,0,0,0
0,-1.8648517190304066,1.0306598082415594,0,0,0
0,-1.0299527406170725,1.094798502227325,0,0,0
0,4.98080817396787,-0.8059917310594154,0,0,1
0,-1.2830362976280811,-0.526555133136702,0,1,1
1,0.5004672933499337,-1.3223474346832955,0,0,0
0,1.2888510064047805,0.4090649383340571,0,0,1
0,0.9764227398580952,0.6666278834568907,0,0,1
1,-0.7573165442204345,-1.349925637861273,0,0,0
1,0.6552323357540799,-0.4551989048161591,0,1,0
1,1.4207428246678626,-1.3472539175813496,0,0,1
0,-0.8156167361687161,-0.8987998102438378,0,0,0
1,-1.006643329928963,0.5510170602262995,0,0,0
1,1.9299679260729217,-0.7334820666782794,0,0,1
0,-0.39158473210002764,-0.30082595603229867,0,0,0
0,0.27000752414743256,-1.6273117279473155,0,0,0
1,-0.5643115548522016,0.1869902097246643,0,0,0
1,-1.9598389466641708,-0.04427331984464883,0,0,0
1,-0.5038250414528148,-0.7289592500331622,0,0,0
1,-0.37078005789122015,-0.18901429768247416,0,0,0
1,-0.6752925590357957,0.1802948805034444,0,0,1
1,0.4750119054917275,-0.8148681489093441,0,0,0
0,1.1568471666756572,-1.4762625440017794,0,0,1
0,0.36829238636798023,1.8055744326868153,0,0,0
0,-0.6958395005198004,-0.6332727047102726,0,0,0
1,1.5725697995377144,-0.09676010318688932,0,0,1
1,0.37181538653736623,1.0108397350203135,0,0,1
1,-1.728282270451612,3.529055187570484,0,1,0
0,-1.0112088140696334,-1.2444864498888657,0,1,0
1,0.6770788760226473,0.4498272137265099,0,0,1
0,-1.731370058389754,-0.7075522852941063,0,0,0
0,-2.5070120250027053,-0.5387903045767108,0,0,0
1,-0.13948153412680026,-0.7202120210067899,0,0,1
1,1.4337610440927313,-1.125654967800585,0,0,1
1,1.478461746994384,-0.04129136178466144,0,0,1
0,0.22852566260502105,-1.4745026870482356,0,0,0
0,-1.0394029285061375,0.9468075665118705,0,0,0
0,-2.450634312849253,0.055002936033374625,0,0,0
0,-0.9369315528999005,0.42243497290144,0,0,1
1,0.4451840960676907,-0.4661886119462232,0,1,1
1,-0.11753111012301787,-0.3672039342117483,0,0,1
1,-0.23482259632867764,0.2875639051673281,0,0,1
0,0.6169792109581117,-1.1640506324058255,0,0,0
1,2.7644916383880496,-0.35799043441333583,0,0,1
0,-1.803281849110892,-0.8596135138784541,0,0,0
1,0.9166549159559507,-0.8905688105910143,0,0,1
0,-1.2509271879436819,-2.1098382406256415,0,0,0
0,1.0050417773670755,1.3393265894799997,0,0,1
1,0.7524214918744991,-0.6865387531537689,0,0,1
1,-0.15350037672083142,1.1633760551635501,0,0,1
0,-0.890961245436423,1.0687923213942923,0,0,0
0,-1.625944600551476,-1.2859997065164936,0,0,0
1,-0.545504932765267,-1.0884112356728457,0,0,1
0,0.2457272969654478,2.560502959355684,0,0,1
0,1.463307377412242,1.7509259419271435,0,0,1
0,-0.03935429793280876,-0.03151851332810415,0,0,1
0,1.9142595611920388,0.2573731064173494,0,0,1
1,-3.1133665232222256,-0.6308464029471887,0,0,0
1,-2.2695364852954456,0.43235271420033994,0,0,0
1,-0.6562621613785768,-0.7171819007224715,0,0,0
1,-2.0458099884746996,-2.0323537642983847,0,0,0
0,-0.08776991245022528,-1.321555786511051,0,0,1
0,-0.6507166542332329,0.021092747850587245,0,0,0
0,-1.4610725602339398,-1.1310672355025877,0,0,0
0,0.11314603582955052,-0.06727746491353452,0,0,1
0,0.6819986640849302,-1.0746610394328626,1,0,0
1,0.017301007341985697,-0.7823539225019935,0,0,0
1,-2.4254108818272777,0.8531653064131918,0,0,0
0,-0.6248214779716326,0.24748054764010466,0,0,1
1,2.5205380998173585,-0.009664421313347188,0,0,1
1,-1.9370796835628272,0.8789639730706512,0,0,0
1,1.1630811444959623,0.48060859334734735,0,0,1
1,1.1380225540327495,1.4465632912513675,0,1,0
1,2.266635846711799,-0.4598592623151402,0,0,1
1,1.9134728662820435,-0.4296349785275087,0,0,1
1,0.38237856223073374,-1.3011092663913453,0,1,1
1,1.9055924592949818,-0.4289807173724197,0,0,1
0,-2.1117887105535385,0.9647698943024456,0,0,0
0,0.49857513638527207,1.299987372262134,0,0,0
1,-1.1110180653412274,0.960305168086668,0,0,0
0,-0.843763637697839,-1.7941918665494363,0,0,0
0,-1.0158679002427498,1.0831452126607344,0,0,0
1,-0.09550259919742937,-1.8385186232720707,0,0,0
0,2.907002243741588,0.8981173241223475,0,0,1
1,-2.8228286912105682,-0.3677845265710552,0,0,0
1,-3.4207580415146266,0.7025333139338557,0,0,0
1,3.1538290216162945,-1.332448347894566,0,0,0
0,0.8147049137345135,1.1711676327061467,0,1,1
0,-0.38926239628291043,-1.464974746104889,0,0,0
1,2.004442482306268,-0.6684549108531777,0,0,1
1,-1.1115810931927292,-0.9980946277690352,0,1,0
1,2.554281915953549,-1.754284852822499,0,0,1
0,-1.4871301964673334,0.09452756758846836,0,0,0
0,-1.6784600024892988,1.8060891178369614,0,0,0
1,1.9447341826332887,2.666905222320009,0,0,1
0,-1.6327011863230707,0.09715578708624777,0,0,0
1,-0.363805052348002,1.1166812750675223,0,0,0
0,0.8632400684647352,0.2320946379285372,0,0,1
0,2.117958533940763,0.49888319476821275,0,0,0
0,1.4833681337572053,-0.34214865112723886,0,1,1
0,-0.8296319754321774,0.19507692542260213,0,0,1
1,-0.8924782689996011,0.5374787046064285,0,1,0
1,2.036968625130114,-0.5784597288763313,0,1,1
0,0.12510907419873618,-0.07749429989298792,0,0,0
1,2.087360111121001,-0.05843011899748824,0,0,1
0,0.21220093540856771,0.8264033173305246,0,0,0
1,-2.337863728101917,-1.0660321716276806,0,1,0
0,1.5706682482639065,-0.05154220860765155,0,0,1
1,-1.852715531365571,1.9120054690526975,0,0,0
1,-2.4607271468389413,1.1640601525859375,0,0,0
1,-1.0710358374783706,1.3491790488887052,0,0,0
1,-0.25249685578743447,0.02443184017803416,0,1,1
1,-1.5383404354021393,0.32099756368602317,0,0,0
1,-0.033107604671360646,1.0022361667029254,0,0,1
1,0.9902224231097061,1.5602555295309308,0,0,1
1,0.8177985119043728,-1.9516029128828867,0,0,1
1,0.5600722963057705,-1.3154413070498456,0,1,1
0,1.7754509966502245,1.3094441014026479,0,0,1
1,-2.103880156804475,-0.2768893557688036,0,1,0
0,1.3751557482935195,-0.6717207892580773,0,0,1
1,-0.10020494206387037,-1.2541609869956039,0,0,0
0,-2.297695212174605,-0.5550167015441094,0,0,0
1,2.0031281606396103,-1.4023692834238248,0,1,1
0,0.9593059984656906,2.091094272732477,0,1,1
0,-1.5356655301231263,-0.02243605198057349,0,0,0
0,2.997063649750941,-0.05795054176271757,0,0,1
1,-0.09340294744360411,0.5880766751678316,0,0,1
0,1.074865551512087,0.9623451692665693,0,0,1
0,-0.7837213572324647,0.9458881565546393,1,0,1
1,0.06078977150994397,1.0736219439075716,0,0,1
1,2.8210937735647943,-0.6308455507908564,0,1,1
0,1.0400043194168131,-0.29786680495686124,0,0,0
0,1.1456505122618443,0.7690316554422755,0,0,1
0,1.1497283825328477,-0.52738906163962,0,0,1
1,-0.7907963881727145,-0.005106632027225019,0,0,0
0,-1.2574154232269785,0.398763764424814,1,1,0
0,0.7312025600273686,0.7851850823103762,0,0,1
0,-3.030297576936858,-1.7776809623702012,0,0,0
0,1.8036382839436986,0.7147456498889451,0,1,1
1,-2.4877404133155894,-0.23372405785172545,0,0,0
0,-0.6654519508764438,0.707457710864381,0,0,0
0,-1.378136257624683,0.7769316923548287,0,0,1
0,-0.15913861364102627,1.6079150611191575,0,0,0
0,-0.5304885436634517,1.3534536476212031,0,0,0
0,0.3382228523419668,1.3465716626102961,0,0,1
1,-0.4851621921260344,1.4436703191662383,0,0,0
1,-2.4395564342332934,0.29137898481594593,0,0,0
1,-0.6064571717915924,0.0321850870368397,0,0,1
1,-0.8224355471879602,0.8728170831783343,0,0,0
1,2.8836499925583285,0.7320809514330224,0,0,1
0,1.779282569101789,-0.30906623673826017,0,0,1
1,0.44216230390796407,0.40482340880826806,0,0,0
1,0.5173600708991719,-0.03509646678459442,0,0,1
1,1.7875964224936411,-0.853932908460056,0,0,1
1,0.04003885909164698,1.2904607413763498,0,0,0
0,-2.885458875999442,0.05519924253008922,0,0,0
1,-0.2957145227976571,2.0487082576988507,0,0,0
1,0.4896516159609092,-1.6254922701998327,0,0,1
1,-0.41710785460681316,-0.5567787728433663,0,1,0
0,1.391330499607654,0.03263883669087142,0,0,1
0,1.625982987842197,1.137381097628914,0,0,1
0,0.4348872423657044,0.39946937260218507,0,0,1
1,0.7864785952029689,0.31047275418075143,0,0,1
0,2.9573503166086326,-1.127263792554147,0,0,1
0,0.36840786100675826,-1.1569413972294713,0,1,0
1,3.1622907510277045,0.3225046602899047,0,0,1
0,3.4949583356338123,-1.3641059938183584,0,1,1
1,-3.8137347836574804,-0.5318777502893286,0,0,0
0,-0.33542803311213953,0.5009173290858575,0,1,0
1,0.7574591098077739,-0.9823242722767759,0,0,0
1,1.2709337043421474,1.6053559623618066,1,0,1
1,1.8448356985875203,1.22393634423789,0,0,1
1,-1.834178861794639,-1.5714199983383004,0,0,0
0,-3.1215869310624775,-0.9323712431819872,0,0,0
0,-0.36571698553254983,-2.28577724449495,0,0,0
0,-1.8740510983946446,-0.7825913625481332,0,0,0
1,-0.7558102287386466,0.7663884765723994,0,0,0
1,1.9253038432965401,-0.4138949422748569,0,0,1
0,2.0817278733150637,0.46079724361596747,0,0,1
1,0.26274356305102403,-1.5223343182817441,0,1,0
0,-0.7413353432917402,0.7979752545819053,0,0,0
1,0.6632559456551768,-0.5551092279283498,0,0,1
1,1.2880310441547662,0.012169682282905197,0,0,1
0,-0.5289044064539202,-0.09287450139305273,0,0,0
0,-0.1862756571704009,-1.2715485208922839,0,1,0
0,1.075293261125798,-1.1530843317397823,0,0,0
1,-0.0678821639543038,0.967794469003426,0,0,0
1,1.9328646995438283,0.3989921575016956,0,0,1
0,-1.098763698293982,1.0500490415534267,0,0,0
0,2.5251793857473523,0.3246582355025183,0,0,1
0,-2.041082521119026,0.14299063480921648,0,1,0
1,-1.8238076975862543,-1.7260106186667665,0,0,0
1,1.0245619448103929,-0.27036669676116976,0,0,1
0,2.2303039357355314,-0.027384320403744018,0,0,1
1,2.0882744132006956,1.953107198272574,0,0,1
1,-0.3354520243257831,0.6869566320986773,0,1,0
0,1.2352829456807997,1.5360611817095284,1,0,0
0,1.4478092256813326,0.5975377058947282,0,0,1
1,-2.948560931796383,-0.7113032269494793,0,0,0
1,-2.425735974282517,0.11712421614985134,0,0,0
0,-0.601092200191995,0.23622364626423303,0,0,0
0,2.860183273022614,-0.9391555697706817,0,0,1
0,-0.22484082828267593,-0.38438737659292116,0,0,1
1,2.77165606501869,-0.205766993677172,0,1,1
0,-1.060446786020705,1.605619832565118,0,0,0
0,0.719868015764696,-2.0807405253909783,0,0,0
1,1.0306103772060142,1.2058184207160432,1,0,1
1,0.07093884809889395,-0.9367952349593828,0,0,0
0,1.2460025541921351,-1.372079187269614,0,0,1
0,1.256454737923915,1.179942130038464,0,0,1
1,1.2072129968647571,0.731898069234381,0,1,1
0,0.9492000833810543,1.25451870238119,0,1,1
0,-0.4022798362855067,0.8007019475455768,0,0,0
1,0.07612772962276926,2.059845001737402,0,0,1
0,-0.8634215924222898,0.5587238369444854,0,0,0
1,-0.054572359292037395,-0.15647737612315848,1,0,0
1,0.33159957028660364,0.34292637732134257,0,0,1
0,0.9192374985568259,1.2434691283459636,0,0,1
0,0.3734129438390469,-0.779375325260117,0,0,1
1,1.0163091804258944,-0.6518885825313808,0,0,1
1,-0.4118335831447225,-0.3089600145979074,0,0,1
1,2.0111303874944286,-2.1045827987653323,0,0,1
1,-2.362510412946553,0.13807840841754682,0,0,0
0,0.6831143219321267,-1.8861287039510257,0,1,0
1,-2.4288626046206976,0.053059312932619035,0,1,0
0,-0.11890010724479838,0.8652897561352498,0,0,0
0,-0.5174507503995904,-0.47687646064383565,0,0,1
0,-0.597178190909907,1.677115870186871,0,0,0
0,2.3090068111830133,-1.4605008994184878,0,0,0
1,0.20641774669376495,1.1912606816318325,0,0,1
0,-2.303705494089364,0.6751370564069207,0,0,0
0,4.0709114056882525,-1.7160332483106886,0,0,1
0,0.7182888880345383,2.7107942990405327,0,0,0
1,3.0753685237986934,-0.06374528550396617,0,0,1
1,0.7391807046733762,-0.8774840221556317,0,1,1
0,-2.5886056016244248,-1.407087194784017,0,0,0
0,0.20957525732100113,-0.22001802765967404,0,0,0
0,2.262628584113158,-0.12740687238995974,0,0,1
1,2.0825240349192904,0.1026455285396643,0,0,1
1,-0.5246628098913633,-0.29779615622395983,0,0,0
1,1.3428328254197521,0.6332253101150935,0,0,1
1,-0.06830752164966669,-0.38762983266324635,0,0,1
0,-1.3565454362684224,-1.934964117240471,0,0,0
1,-3.626141709100584,-0.1493614956496412,0,0,0
1,0.42659893847506536,-2.367477653373278,0,0,1
0,1.0914501162279737,0.3537706308913895,0,0,1
0,-2.5618800036774014,-0.9793002302826354,0,0,0
1,-3.1891454590159922,0.16336035491580048,0,0,0
1,-0.1653468811925164,1.3140749815246042,0,0,1
0,0.27970150927550863,-0.9487486952680001,0,0,0
1,-1.1208874948722516,1.061256258512118,0,0,0
1,-2.711902132236819,-0.4333895666861532,0,1,0
0,-0.35836620966621396,1.7531948020655854,0,1,0
0,0.3212501585384082,-0.36515261319821335,0,0,1
0,0.7818421734104668,-0.8404929855066914,0,0,1
1,0.6202798203984864,0.6872384503952884,1,0,0
0,-1.9787085103813182,-0.43578972962363594,0,1,0
0,0.15564211606186845,-0.8414495141290085,0,0,1
1,-1.6854512350472077,-0.47783985070379115,0,0,0
1,-1.164748959459137,-0.04460653218300141,0,0,0
0,1.8776605278982414,1.342180131244854,0,0,1
0,1.2627588025907706,-1.934087745459577,0,0,0
0,0.43130047487926226,0.023080658950420684,0,1,0
1,1.36418567518849,0.6249035946540432,0,0,1
1,-1.224692564361481,0.1934485749917961,0,0,1
0,-3.3384369056242837,1.3098651694335341,0,0,0
1,1.613598852604226,-0.07434532975852405,0,0,1
1,0.3996461178656484,-0.18455144218594463,0,0,0
1,0.273041691158476,0.5923295470133433,0,0,0
1,-0.926257152336526,0.09931381495134962,0,0,0
0,1.605816621475262,-0.390408738280471,0,0,1
0,1.0280927624032554,0.5161440395863797,0,0,1
1,-0.2541540372885998,-0.6525282932166449,0,0,0
1,0.009552297868102966,-0.6111771520193268,0,0,0
1,-0.23431855529438828,-0.5279940217656136,0,1,0
0,-0.310546824152681,1.3530691601664073,0,0,0
1,-0.22154192274960904,-3.2210163559857135,0,0,0
1,-0.3329885339692932,0.39559883476294233,0,0,1
0,-0.16208397098083072,0.034271814200222225,0,0,0
0,-0.5583787950114624,-1.6808704592381203,0,0,0
1,-1.7868855136646253,0.3097267791360022,0,0,0
1,-1.4330702321076092,0.475751991831532,0,0,0
0,1.0917468804956774,0.5896392313574,0,0,1
1,-2.566273161743196,-2.651828063044949,0,0,0
0,-0.02722779376605461,1.3663894118544384,0,0,0
0,-1.5506337482292791,-0.7377367046848409,0,0,0
1,1.7364910711455583,0.6865677467531761,0,0,1
1,-0.3225973365991923,0.741073780682286,0,0,0
1,-0.7831768984110583,-0.8766970856192929,0,0,0
1,1.8030220809856656,0.6604599523515503,0,0,1
0,0.08078405151807233,-0.38549324091235826,0,0,1
1,0.2559824948848445,-2.0713771793381577,0,0,1
0,-1.9242022057860186,1.167741925527779,0,0,0
0,-0.18270171255968792,-0.7750449630162398,1,0,0
0,-2.936189321122658,-0.8544934627380543,0,0,0
0,1.2845748694035355,-0.4030658680367221,0,0,1
0,0.35756275041968044,0.2722367253273881,0,0,1
0,1.9866132324672399,-0.05727041082210227,0,0,1
0,0.8721364324742892,0.5480669247071704,0,0,0
0,0.5510991443332525,-1.3394893665286587,0,0,0
1,-2.0671742270902813,-0.7423863704307346,0,0,0
0,0.4823735611481346,-0.11599707232153356,1,0,1
0,-2.1405183456796233,1.8978872926587056,0,0,0
1,-3.5254713730831253,-0.11381253841375806,0,1,0
1,-1.867078947947121,1.0852222636616315,0,1,0
1,2.3833790642259194,0.03855516878431771,0,1,1
0,-3.6221656753286373,-0.4836586374375685,0,0,0
1,-2.1561715751106654,-0.24672442411444054,0,0,0
0,1.5925330990322324,-0.16841971202888115,0,0,1
0,1.050362133238539,0.6036457389607386,0,0,1
0,-0.3153512553508209,1.3746112675765545,0,0,0
1,-0.5005266812757264,0.3596808476863211,0,0,0
0,0.6410390458671597,1.1870776787417554,0,1,0
0,2.093985870597371,-0.9647897376296856,0,0,0
0,-2.6957762749104615,-0.4146305088140307,0,0,0
1,-0.7998748256077363,-0.7243025342076669,0,0,0
1,-1.2648735237134916,0.31444459087485244,0,0,0
0,-0.16242922659115921,-0.3589583851794136,0,0,0
1,0.9025232622164343,0.7297729370341954,0,0,1
1,0.5426936492196184,-0.9310017116324415,0,0,1
1,1.6726554846675612,0.04303097332128144,0,0,1
0,0.16286026577898394,0.6868579110122561,0,1,0
1,-0.32583867998777616,-2.0653027750406103,0,0,0
0,-1.6745634105367095,2.1216313073302038,0,0,0
1,1.0622030621633154,-0.2831518848798757,0,0,1
0,-0.4736569781087254,-2.025039913676173,0,0,0
0,-0.8733356694084372,0.15809389857678602,0,0,1
0,2.458470022385531,0.03344346797315094,0,0,1
1,1.2845567170335128,-0.081894379572493,0,0,1
0,-0.46763595216638715,0.9911911129266663,0,1,0
1,-1.621120458082481,0.7474449714270557,0,0,0
0,0.2537985216228825,0.29787619102384505,0,0,1
1,1.4861298620188284,0.45015563394664765,0,0,1
1,-1.7897578786695685,-0.10435844943808653,0,0,0
1,2.8974541839500136,1.7754908492400483,0,0,1
1,-0.7150789875993636,-1.4791960183577666,0,0,0
1,-0.02446924052843147,0.13965167421589658,0,0,0
0,2.027940782983635,0.06502463118878012,0,1,0
1,0.387001149832831,0.813280406064593,0,0,0
0,0.5169865801622532,-0.8438538774248993,0,0,0
1,1.6106570257370492,-1.743672602396536,0,0,1
1,1.4855287050072588,0.15682301609819319,0,0,1
0,-0.1117083202872779,0.28123049221860413,0,0,0
0,-0.21207080730147043,1.489599409447649,0,0,0
0,-0.40757984510649026,-1.2703620463250862,0,0,1
1,0.28577510726612665,1.15469376671672,0,0,0
1,-0.7563214156431022,2.3674143640271215,0,0,0
1,-0.6704668595373986,-0.3777648875224771,0,0,0
1,-0.616000300079314,-1.290942219493224,0,0,1
1,0.05353795032450548,-0.40697436637337114,0,0,1
0,2.186257599342902,0.014004967371380734,0,0,1
0,-1.5253385241800579,0.5637878750069146,0,1,0
1,0.5211514817907363,-0.5913947298380474,0,0,1
1,1.5947895297949704,1.555198534147342,0,0,1
1,0.9103164013062987,-1.1145323150080617,0,1,1
0,0.48737940625597015,-1.7392051521728,0,1,0
0,-0.251392664518035,1.1067104242873174,0,0,1
0,1.5423535473696417,-2.2746210312061996,0,0,1
0,-0.4458054128599369,-0.2041297688727162,0,0,0
0,0.7729902198222026,3.1176811292080484,0,0,1
1,0.4045123166161785,-0.0120435529599315,0,0,1
0,3.0206892115937123,-1.1207676506962496,0,0,1
1,0.1715803263768198,-0.057397463786793744,0,0,0
0,-0.22500125569149687,-0.05080078861953355,0,0,0
1,-0.2503895062542587,0.16064994035311653,0,0,0
0,0.4724873899914538,0.6622629821596197,0,0,1
0,0.18912036119050224,-1.0391111683677392,0,0,0
0,-0.6595417061936908,1.6875480552367936,0,0,0
1,0.16128250936167235,0.24511428437261784,0,0,1
1,3.404075193979044,0.7267940464018038,0,0,1
0,-1.1670321892531212,-0.6281493997556425,0,0,0
0,-1.0726524782681972,1.2863821369955335,1,0,0
1,1.677154336096848,-0.2570524088130647,0,0,1
0,0.6100085708642424,0.2775525134935317,0,0,1
0,-2.4952034587199927,-0.9331060771871093,0,0,0
1,-0.9202001975610041,-0.9969316264021268,0,0,0
1,0.10425938114469457,0.6882053064528826,0,0,0
0,1.2350000936100058,-0.44360683020738584,0,0,0
0,-1.7306824848699032,-0.8538230875043771,0,0,0
1,-1.0951969824796808,-0.6431833420270304,0,0,0
0,0.982766563445099,0.6989530717174212,0,0,1
0,0.2080462502796897,-0.6290378612036109,0,1,0
1,-1.2683895807680519,-0.11765493160216407,0,0,0
1,-1.2391397918431382,0.015027750287097009,0,0,0
0,0.7512611630299068,-1.917348886010299,0,1,0
1,-1.742568371253987,-1.471126405373518,0,0,0
1,1.6800642945019595,0.3362778892475625,0,0,1
0,-0.3951945672268544,-0.7370293611526971,0,0,0
1,1.1439615298238022,1.0567249112804185,0,0,1
0,1.6715590407207108,0.9668071042505444,0,0,1
0,-0.19339659895910455,0.7191686663554372,0,0,0
1,-0.3479023528688364,1.8197717873125976,0,0,0
0,1.5232762187197781,-0.08308932774318312,0,0,1
0,0.36933424957881267,0.6488819259038391,0,0,0
0,-1.0823965775406037,-0.5844009765960311,0,0,0
0,-0.9048555025754474,2.4523699128687237,0,0,1
1,-1.7821344761086362,1.9836336524360194,0,0,0
1,2.0382146672086074,0.01188043451779194,0,0,1
1,-2.9498072139772846,0.3865862299051922,1,0,0
0,-0.06361565510514033,1.3592975993648058,0,0,0
0,-0.9921028664528726,-0.14713950481410695,0,0,0
0,-0.1071905401268482,-0.6566240707997048,0,1,1
0,0.05333455676982535,0.8739897510068825,0,0,1
0,-1.3143721611409291,0.07843924608367009,0,0,1
1,-0.3468974142970118,0.1829944496452604,0,0,1
1,-2.4033479856249738,-0.8342713430679655,0,0,1
1,-0.745817420526566,-1.7176721483633963,0,0,0
0,2.2540157302523935,0.23614240987910107,0,0,1
1,-0.4285852826495131,0.9049620414941998,0,0,1
0,-1.0103524808490492,-0.22580674907604184,0,0,0
0,-0.4192202226821543,1.4364295195588668,0,0,0
1,0.402302482716205,-0.7039163254155445,0,0,0
1,-0.7145418664408274,-1.05470445496592,0,1,1
0,-0.9634296153385158,-0.06723030719613125,0,0,0
0,1.5510423876351895,-0.08259257535129046,0,0,1
0,1.946620545752503,0.7699687313352226,0,0,1
1,0.5501937158338488,-0.7749628240639848,0,0,0
0,-0.5488703228077386,1.368094236814898,0,0,0
1,1.1971407149697821,1.9669169625082537,0,0,1
0,0.5476792560280705,-0.03914402696834188,0,0,1
0,-0.5567006079010247,1.2497104201843185,0,0,0
0,-1.013976352911381,-1.05649707062526,0,0,0
1,2.5429901931555,1.075221541181916,1,0,1
0,1.1954346524739086,1.0472764085594626,0,1,0
1,-2.4536787962958426,0.8634372801898786,0,1,0
1,2.980017303305258,-0.015563088870293978,0,0,1
1,-1.5479655955979945,-2.954248941242031,0,0,0
1,0.06762056206815953,-0.6417271436521294,0,0,0
1,-2.9111126390257174,-0.625916017684602,0,0,0
1,-2.1174165708370434,-0.9782549380604774,1,0,0
1,0.8909008863865562,0.12224300454706621,0,0,1
0,-0.3291493680385284,-0.41896344552123466,0,0,1
0,-0.48247571582594706,-0.8246120097650219,0,0,0
0,-1.962719287501955,-1.0588001482478198,0,0,0
0,2.37683953832352,-0.7155129854852287,0,0,1
0,2.40174294936774,1.1214992118499283,0,0,1
1,-0.31340389649021383,-0.6610250546274942,0,0,1
0,0.5032445330011677,-0.5149387064332724,0,0,0
0,-1.0328370356216452,-0.45669761502324635,0,0,0
1,-0.2617136567027051,0.33899351380941967,0,0,0
0,1.5669848417666488,0.4562494885285329,0,0,1
0,4.154327539763999,-3.0446565392431624,0,0,1
0,-1.0814801776739975,1.0216352138276081,0,0,0
0,0.4788794768470371,1.436368034243754,0,0,1
0,1.9990682585009054,-1.0501865373616694,0,0,0
1,-0.4482435287936567,-0.9722982447348347,0,1,0
1,0.006766213723372716,-0.45025338777827145,0,0,1
0,-1.4942534763153106,-0.7560040194566048,0,0,1
0,-0.5958340329638651,0.22392687394660638,0,0,0
0,-0.9084406894332866,-1.9465252863588642,0,0,0
1,1.3208903543743586,-1.1179276080367397,0,0,1
0,3.0586604845220924,1.5391972001749075,0,0,1
0,0.6102314584529603,-0.9282199673480178,0,0,1
1,-0.6901016282038251,1.2434282781029249,0,0,0
0,-0.25162637826331874,0.35533819559013696,0,0,0
0,0.99381849664137,-1.8092677145882583,0,0,0
0,0.06779534766280537,0.6353291952162062,0,0,1
1,0.41987214487045227,-0.11766730219285336,0,0,1
1,3.152262676225284,-0.4554670562497405,0,0,1
1,0.32261750605445527,0.24495709317200393,0,0,1
0,-1.239276091214824,0.47463348556679213,0,0,0
1,2.475178224609247,0.7075918219746196,1,0,1
1,-2.117304619681482,1.1782528475480023,0,0,0
1,0.3487685408207781,0.40813591277835637,0,0,1
0,-1.9069183175549078,-1.3756340887863618,0,0,0
1,-1.3824082805563074,-0.47364545765119104,0,0,0
0,1.203452928790877,2.9430483352686214,0,1,0
0,3.342581687579041,0.7244910603817276,0,0,1
1,-0.24088664393579823,2.369287300811497,0,0,0
0,-1.0892014929408056,1.3954340821991853,0,0,1
1,1.3349197960239696,0.24180207155574857,0,0,1
0,1.3371934327677606,0.3014070697811174,0,0,1
1,1.3178822186044075,-0.0365800398768458,0,0,1
1,0.7532194950204943,-1.7378046158464995,0,1,0
1,0.8884480111617227,0.01804725246822428,0,0,1
0,-2.4252457275748736,1.2106745525421971,0,0,0
0,-0.47182401124170287,-0.5996399948212037,0,0,1
1,-0.8608598472498488,0.41195299906180954,0,0,0
0,3.146308744776064,0.8515910458931973,0,0,1
1,-1.4793937443670957,-0.9096804393124754,0,0,0
1,-0.5414979385486242,-0.4513028643436645,0,0,1
0,1.1044062134077697,-1.017911490477159,0,0,1
0,-0.9582224073094835,-0.8221656066894072,0,0,1
0,2.1926218788159604,-1.2876052836530616,1,0,1
1,0.159354130776585,-0.9004484613780268,0,0,1
0,0.9543105727175298,1.4194556807978391,0,0,1
0,1.028597967390043,-0.9154770290902925,0,0,1
0,-1.7915648916389115,0.12645921906069005,0,0,0
1,1.2193757874330649,-0.502868753670956,0,0,1
0,1.1914070342173506,1.178865937036939,0,0,1
0,1.6462857845612733,1.3111622966036165,0,0,1
1,-0.6063512870829629,0.8640699821389469,0,0,1
1,-1.255997003399962,0.30613455310275506,0,0,0
1,0.24359064055766927,-0.2310595368408984,0,1,0
0,-0.46214267936042597,-1.1918747041912499,0,0,1
0,1.9322897171262428,1.9435288811221971,0,0,1
1,-0.3819301106120709,-0.7596730177525534,0,0,1
0,-0.9069995677564429,0.6636463470328414,0,0,0
1,-0.6255673985860082,1.0595655726233972,0,0,0
1,0.1330922805336393,-0.5552804969053294,0,0,0
0,0.1381117676480981,1.0380125273159622,0,0,1
1,0.03717240870708083,0.7642132033388553,0,0,0
1,-2.461338270038528,1.7279638353817652,0,0,0
0,0.5274398973638975,-0.4693464664267112,0,0,1
1,-0.4173317659225677,-1.2858640172797149,1,0,0
0,0.9120052509806784,-0.5054897554445111,0,0,0
0,0.205316443542961,0.20885354253433172,0,0,1
0,-0.4263582795903151,0.05821272708505647,0,0,1
1,-0.15471872978122675,-0.39343789627455045,0,0,1
1,-1.0081192098776646,-1.909197458977243,0,0,0
1,2.069365838180549,0.4704829961291065,0,0,1
0,1.0371904756619206,1.9723444790822,0,0,1
1,3.2897332395842183,0.46425123812300356,0,0,1
0,1.5396102906890892,0.6091355190535136,0,0,1
1,0.5088759253100166,0.5724453061551018,0,0,1
0,-1.6731768994169562,0.3970466698823999,0,0,0
0,-0.910352160764061,0.9316659668680948,0,1,0
0,-2.0977504072365862,0.39537368118566585,0,0,0
1,0.23241290225892156,-0.31267716965327597,0,0,0
0,2.4772292366679878,-0.795988910008754,0,0,1
1,-2.236166286253823,-0.24897365528067522,0,0,0
0,0.08423966848440556,0.31412949645066596,0,0,1
0,0.5108016231514139,-0.31608296112297335,0,0,0
0,-0.2733985309094422,0.3143386831314305,0,0,0
1,2.4687188656646235,0.43915013370041756,0,0,1
1,0.7991689391171966,0.8331794312701818,0,0,1
0,0.9959677590491334,1.2827949688389804,0,0,0
0,0.9019142271192894,0.0780074184788575,0,0,1
0,-1.7689982117163363,-1.3077765651476607,0,0,0
1,-0.595424372967584,-0.3451040968191901,0,0,0
0,0.18654945478690965,0.04406256740659937,0,1,1
1,0.1968510310713757,-1.8357687561770906,0,0,1
1,0.26864209503883235,1.388664520102482,0,0,1
0,-0.19244286962196577,0.14237791251046628,0,1,0
0,-0.17996295168554158,0.3813528345802849,0,0,0
1,-0.8325036114226732,1.3655264625262657,0,0,0
1,0.8387698724209607,-0.6301428301423467,0,1,1
0,-0.7297772651467508,0.57404193088403,0,0,0
0,0.08577425911193459,-0.10986412310193568,0,0,0
0,0.9233720826595515,-0.1840868670159194,0,0,1
0,-1.2804792252442232,-0.7721923878043793,0,0,1
0,-0.46205846980404774,1.6656032136865273,0,0,0
0,0.9107386503213873,-0.3755000400755709,0,0,1
1,0.7615131779264808,0.6994642468957021,0,0,1
0,-0.0829510171330109,-1.8750073874719364,0,0,1
0,1.7100990904634972,1.1799885296897865,0,0,1
0,0.3576868857392057,1.0522111559570586,0,0,0
1,0.759061290697823,0.09743411029730303,0,1,0
1,-2.38137996483266,-0.22694246613792435,1,0,0
0,-0.2712079302643729,0.4000000056135664,0,0,1
0,0.9348157678657846,2.2887906608802893,0,0,1
1,0.10219084811236395,-1.7632366989034851,0,1,0
0,0.48578563265736363,0.7820273875741276,0,0,0
0,-1.172060053264104,-0.9116173021539026,0,0,0
0,-1.5276144662977407,-0.019918396299731203,0,0,0
0,1.4645880304046202,-0.24788011907866303,0,0,1
0,-1.4489244637369731,-0.4283182577977557,0,0,0
1,-1.855904831110581,-0.010465129052729338,0,0,0
1,0.17484617026100246,-1.1341711452777905,0,1,0
0,-0.40323533618924234,1.029180436127967,0,0,0
1,1.1193979196058461,-1.7941435111986004,0,0,1
0,1.860346176396397,0.539764512828342,0,0,1
0,-0.12156490277699994,-0.3265358525345711,0,0,0
1,1.2816560449663608,-1.1709248938074537,0,0,1
1,-2.4896998935378765,0.2023833705986952,0,0,0
0,2.026310990412453,-1.556951086706478,0,0,1
0,1.366088255028244,0.03971382171963468,0,0,1
1,-0.5193209888441226,-1.4228769078115544,0,0,0
1,2.788254502256814,0.4612720843178312,0,0,1
1,-0.8413957563573531,-0.9243573336303755,0,0,0
0,1.012683961022466,-0.45099401702930925,1,0,1
0,0.4557121899482447,0.2939493879431621,0,0,1
0,0.31764063044132984,-0.7725421118422359,0,0,1
0,1.6001467788794566,-0.05796399966830253,0,0,1
1,0.8005337060327676,-1.5138305012448536,0,1,0
0,-1.5329223946701585,0.6308756035961556,0,0,0
0,1.676198125156818,1.7649138055507714,0,1,1
1,-0.9340303663553315,2.7922088679099613,0,0,0
0,0.7130215335587019,0.09116814666643917,0,0,1
0,-0.5269121316647016,0.7882041407971867,0,0,0
1,-1.2308536630543256,-1.7806256729074892,0,0,0
1,-1.4069325028657138,1.5027343263055881,0,0,0
1,0.2845172566675269,0.7762285047241061,0,0,0
0,-0.37268246958250484,-0.483933444951233,0,0,0
1,0.7893340347853253,1.2371808002890092,0,0,1
1,2.2565854598012414,-0.2544760766453415,0,0,1
0,2.049680153578645,-0.4580251830145565,0,0,1
0,0.20378447637638364,0.4753349254274913,0,0,0
1,-1.5121838552479479,-1.0633544998303186,1,0,0
0,-0.45222659579892743,1.021624764399948,0,0,0
1,-0.15073763233101922,-1.0559898119268434,0,0,0
0,-0.6095894151082518,-1.0500547898231862,0,0,0
0,0.663151624195722,-0.9096897884083344,0,0,0
0,1.4400465939696339,0.7595000375161222,0,0,1
1,0.6094447116008237,-0.6167753615197077,0,0,0
0,0.29785358886697755,-1.3479957843671688,0,0,0
1,0.037672007189789636,-0.605679999935798,0,0,0
1,-0.2561297506975836,-0.03204237068048687,0,0,1
1,1.3865243011783002,-1.1809724836643856,0,0,1
1,0.5861850199439481,-1.1516811090343435,0,0,0
1,-0.6168881169498684,2.1112963340995843,0,0,0
0,-0.8640642593944922,-0.8605654038138869,0,1,0
1,-0.14657333623373714,-0.3230423687730068,0,0,0
1,-0.5761490489978673,-0.36723700079928584,0,0,0
0,0.36355461617536555,-0.4213568077704417,0,0,1
0,1.7983923331974767,0.6213467399691021,0,0,1
1,0.3046897978560656,0.9481429504720496,0,0,1
0,-1.371642855090688,-0.3059544315315921,0,0,0
1,-1.6522505901915339,-1.236478286592349,0,0,0
0,0.8880980682069316,1.2744402278489033,0,0,1
0,0.13157862513950436,-0.09534109119668262,0,0,1
1,-0.6751199664151258,1.7303218148571686,0,0,1
0,1.2530731512715163,-2.245585897565163,0,1,0
0,-0.20375919620238991,0.19540322128332027,0,0,0
1,-0.4959448882396902,1.9186063338762078,0,0,0
0,1.3122001979899705,-0.3532641354381582,1,0,0
1,-1.7220809347140802,-0.22549342333463607,0,0,1
1,0.7697450803023358,0.29551169159033874,0,0,1
1,-2.8963082611635778,-0.5587958188849573,0,0,0
0,0.28004754058773296,-0.31207193205273287,0,0,0
0,-1.7798292075637046,-0.33781509419140304,0,0,0
1,0.8797132307113287,-0.6274207344263732,0,1,0
1,3.1477821914092794,1.2288565502005595,0,0,1
1,2.0127661037816864,0.4610780322964351,0,0,1
1,-0.3714206871552116,0.25062823210330204,0,0,0
0,1.3457859135379533,0.8085710068901167,0,0,1
0,-0.3020417736943377,-0.2643558332034669,0,0,0
0,-0.4508290353990666,-0.7742038183529005,0,1,0
0,-0.7003484231310578,-0.6026243046145574,0,0,1
0,-1.169167225805615,0.001783041104608902,0,0,0
1,-1.1177383899492779,-1.059211708372902,0,0,0
0,-0.41267539642463313,-0.5002610165866755,0,0,0
0,-3.8348031251700507,-0.5161166418714347,0,0,0
0,0.523675511582242,2.1245562298290137,0,1,0
1,-0.7263165197329069,-2.7738149399339167,0,0,0
1,1.8508142232139775,-0.17961972140563326,0,0,1
1,2.336742190066141,1.7256937928147706,0,0,1
1,-0.5829976461752872,0.12184446413245396,0,0,1
0,-3.4905923190278,0.7534174734210928,0,0,0
1,-0.7484878459469648,0.09982631509976791,0,0,1
0,2.2803287566311883,-0.6673333812164803,0,0,1
0,1.7860930678095563,-2.241915934508913,0,0,1
1,-1.9010807661814701,0.20545568703630285,0,0,0
1,-1.031332136151311,-0.7756066046023912,0,0,0
0,-1.3528144241941127,-0.8003354061653037,0,0,0
0,-0.8667950086156134,-0.49898725597911187,0,0,0
1,2.5842573524018713,1.7448614066234935,1,1,1
0,-1.891282333818603,2.404837542253973,0,0,0
0,-0.9957652392115852,0.2172079375284009,0,0,1
0,1.8004705692450829,-0.4647672239117277,0,0,1
0,1.4352256521563032,-1.1772264174512106,0,0,1
1,0.8705519022271364,0.46854016154606914,0,0,0
0,-0.07110257922202196,1.782905600065144,0,0,0
0,-1.6218707430725785,-0.24734038702515676,0,0,0
1,0.8661012279661813,-2.3789960407532242,0,0,1
1,2.0471120919720276,0.6700496718155238,0,0,1
0,1.033792634880521,0.9853997114500497,0,0,1
0,-1.2830840680610405,-1.5858456403858476,0,0,0
0,-0.1605295090476932,0.17648418366295282,0,0,0
1,-0.4574490614955545,0.4512260161360988,0,0,1
1,1.406043552646648,-0.07310730200893852,0,0,1
1,1.2276370126313,-0.7907709190853537,0,0,1
1,-2.288326789831349,1.0159372235635562,0,0,0
1,2.096203310748616,-0.4033797459686826,0,0,1
1,-3.089829034243075,-1.485186162699932,0,0,0
0,-1.2242735470033357,-2.049474485669681,1,0,0
0,-0.015012991489541383,1.2608495199993097,0,0,0
1,1.9858233405594452,0.6166639764711183,0,0,1
0,-2.042730007365108,0.0879735471291689,0,0,0
0,3.3772504556817444,-0.44027463685080326,0,0,1
1,-0.060776966463902404,-0.5289984142031271,0,0,1
0,0.03682274438511335,-1.0757366484416113,0,0,1
1,0.6767377382922417,-0.43145564455988483,0,0,0
1,-1.6048866102981258,-2.1200872151201744,0,0,0
0,0.4718140968591159,-0.7360636534685142,0,0,0
1,-0.1236240900188399,-0.31093751635109385,0,0,0
0,1.1638309734482077,0.6098800471904189,0,0,1
0,-0.27353494648927457,-0.03992646337336377,0,0,0
1,-0.5084484114505213,0.794923113875559,0,0,1
1,1.7383760084426414,1.3491351051134295,0,0,1
1,-2.210183390813321,1.0581700938241017,0,0,0
0,-0.1568743640554826,0.4705098473785568,0,0,0
1,0.9907520384268496,0.011862679180784205,0,0,1
0,-1.8381188942084248,-0.9807880084135592,0,0,0
1,0.3083391627262089,0.7399440513793163,0,1,1
0,0.10803849530437826,1.6797473822215292,0,0,0
1,-0.3743777050091268,0.3421060396504182,0,0,1
0,-0.5800958492829754,1.917259148426123,0,0,0
0,0.6178717306800874,-1.5255717080610838,0,1,1
0,-0.4997792372689487,-1.1541633847795414,0,0,0
1,-1.3409808729522552,0.8552015077482625,0,0,0
1,1.4567077860344764,0.26429021015325105,0,0,1
1,-2.3342195872537377,1.3137821765718076,0,0,0
0,-3.0202327282772172,-0.015471640726739578,0,0,0
0,-3.77877395910205,-0.8679754225283319,0,1,0
0,1.9858875056223568,-0.21359324220504247,0,0,1
1,0.7102430322258116,-1.532683970923734,0,0,0
0,2.5951841232862805,-1.1285906730970345,0,0,1
1,0.171946630468788,0.9724439979180102,0,0,1
1,1.0643785852817311,0.87278741446961,0,0,1
1,-2.5649273900479055,0.3630042848060769,0,0,0
1,1.2065375146925226,-1.7210775209604696,0,0,1
1,2.489592563194944,-0.35840357551288854,0,1,1
1,1.2255550705160942,-1.2249998886600506,0,0,1
0,3.1644011426917804,1.1765332537877655,0,0,1
1,-0.04279560730624632,-0.5837221335626015,0,0,1
0,2.4165312537979036,-1.0857477107815494,0,0,1
0,1.0416926571332685,0.029796165121424436,0,0,1
0,2.0512905606071365,-0.6401544568346118,0,1,1
0,-0.5615768466910762,1.4837439102037069,0,0,0
0,-1.8064451197482978,-0.7348108975341908,0,0,0
0,-1.105550536242244,-1.3992282592246312,0,0,0
